Name,MPN
SCREEN-IPHONE-13-AILUN,6.96
EB-MAELINE-100-BLK,20
Manfrotto 114,114
Manfrotto 229,114
261,261
263-000,263
263-000,263
271,271
8035435,695
1448 -3M,1448
1450-ELMO,1450
Nikon D810 FX-format Digital SLR Camera Body,1542
"Nikon D5 DSLR 20.8 MP Point & Shoot Digital Camera, Dual XQD",1557
Nikon 70-200mm f/2.8G ED VR II AF-S Nikkor Zoom Lens For Nik,2185
2317,2317
PRUSA-2624,2624
121 2430,2692
2759,2759
3118-ADAFRUIT,3118
3123-ADAFRUIT,3123
3525,3525
4K-HDMI-6FT,3992
5994-ADAFRUIT,5994
amtech-6020,6020
TNBOX-6066,6066
6408,6408
SACK-6704,6704
11215,11215
11367-LP-E6P,11367
SYL-11519,11519
11567,11567
13309,13309
13309,13309
MOUNT-PORTAGRIP-CAR-U,15504
amtech-15512,15512
MP-16182,16182
MP-16187,16187
MP-16188,16188
MP-16189,16189
MP-16190,16190
B-HOL-SAM-RUGBY4,17585
PRUSA-17626,17626
PRUSA-17702,17702
PRUSA-17708,17708
PRUSA-17712,17712
19662,19662
Nikon AF-S FX NIKKOR 24-70mm f/2.8E ED Vibration Reduction Z,20052
20254,20254
22986,22986
AC-ONLY-MICROUSB-U,23657
125 1170,25375
USB-C to USB-C Cable+Power Adapter,25906
USB-C to USB-C Cable+Power Adapter,25906
PC-USB-A/USB-C,25911
27005,27005
27108-CD/DVD,27108
28002,28002
LC-SAM-POUCH-GALAXY-U,28086
28101,28101
LC-BLKBRY-9900-MONACO-BLK,28729
BLKBRY-CHRG-CRADLE-9360-U,29201
UGREEN-30757,30757
31019,31019
31051,31051
31052,31052
31712,31712
31794,31794
33137,33137
33137,33137
33137,33137
GLOBAL AC ADAPTER,33196
GLOBAL AC ADAPTER,33196
GLOBAL AC ADAPTER,33196
LC-BLKBRY-Z30-SNAP,35320
MP-35519,35519
UGREEN-35584,35584
38988,38988
39502,39502
40163,40163
LINDY-40425,40425
LINDY-40426,40426
LINDY-40427,40427
LINDY-40428,40428
LINDY-40437,40437
LINDY-40438,40438
LINDY-40439,40439
LINDY-40440,40440
C2G-40448,40448
LINDY-40450,40450
LINDY-40451,40451
LINDY-40452,40452
LINDY-40453,40453
LINDY-40454,40454
LINDY-40460,40460
LINDY-40461,40461
LINDY-40462,40462
LINDY-40463,40463
LINDY-40464,40464
LINDY-40465,40465
LINDY-40466,40466
40531,40531
40614,40614
41401,41401
C2G 42516,42516
50050,50050
W10 BLACK,50800.001
54172,54172
54322,54322
54405,54405
CALISTO P240-M,57250.002
64327,64327
T215,89350
T215,89350
95079-VERBATIM,95079
DVD+R-15PK,95484
DVD+R-15PK,95484
SCREEN-GLASS-IPHONE13-AILUN,97000
97334,97334
VER-98356,98356
VB-98397,98397
VB-98924,98924
99151-CanaKit 32GB,99151
99810,99810
105963,105963
108751,108751
113293,113293
MONSTER-BT-SPEAKER,129233
150859,150859
152716,152716
QZ99,180125
HP-100,190319
SP300-MOD,193001
SP400,194001
200198,200198
TalkPro,201370
TalkPro,201370
B250-XTS,203890
229690,229690
252385,252385
128GBUSB,287652
301952,301952
Z9i,322304
Z9i,322304
B-HOL-GZONE-ROCK-C731,324715
324842,324842
B-HOL-SAM-A847-RUGBY2,326180
B-HOL-SAM-A847-RUGBY2,326180
LC-IPHONE4-CLICK-GREY,346900
LC-NOK-6350-SW,347272
354295,354295
SUPERTOOTH 3,371350
SUPERTOOTH 3,371350
MOTOROKR S9,380893
MOTOROKR S9,380893
LC-VERT-MED-POUCH-U,396837
428709,428709
PC-SAM-SCH-U420-OEM,454921
LC-SAM-NOTE3-SHELL,503122
504578-BOEING,504578
505974,505974
GAME ONE-BLK,506080
506219,506219
MB660 UC MS-BOEING,507093
MB660 UC MS-BOEING,507093
507214,507214
508897,508897
509103,509103
LC-SAM-GALAXYS3-SNAP,526757
LC-SAM-GALAXYS4-SNAP,531498
LC-SAM-GALAXYS4-SNAP,531498
LC-SAM-GALAXYS4-SNAP,531498
SCREEN-PROTECT-GALAXYS6,539142
SCREEN-GLASS-SAM-S5,568089
LC-POUCH-XLARGE-HORIZONTAL-U,570579
B-HOL-SAM-RUGBY3,573690
B-HOL-SAM-RUGBYIII-A997,573690
326118,591973
900865,900865
905141,905141
ELITE 820,980423
ELITE 820,980423
ELITE 820,980423
997059,997059
ADAPT 660,1000200
1000200-BOEING,1000200
1000200-BOEING,1000200
1000200-BOEING,1000200
1000200-BOEING,1000200
1000203,1000203
Adapt 560,1000207
Adapt 560,1000207
1000227-BOEING,1000227
1000418-BOEING,1000418
1000418-BOEING,1000418
1000418-BOEING,1000418
1000421,1000421
1000421,1000421
1000421,1000421
1000547,1000547
506059,1000795
1001148,1001148
BTD800-BOEING,1001148
BTD800-BOEING,1001148
BTD800-BOEING,1001148
BTD800-BOEING,1001148
BTD800-BOEING,1001148
1001373-BOEING,1001373
1001373-BOEING,1001373
1001373-BOEING,1001373
1001373-BOEING,1001373
LC-SAM-GAL-20FE-EXO-49,1120025
1208699-BOEING,1208699
1208699-BOEING,1208699
.AUDIO 325,1234567
1/11/6347,1/11/6347
1668460,1668460
1801021,1801021
LC-POUCH-HORIZ-CELLBEE,2044277
3740474,3740474
4007040,4007040
4571093,4571093
AC-USB-GALAXY-U,4994718
SCREEN-GLASS-IPAD-PRO-9.7,5149650
LC-SAM-GAL-S7-MB-BLK,5162655
LC-SAM-GAL-BOMEA-POUCH-XL-U,5162853
5933901,5933901
6361185,6361185
6432221,6432221
6450295,6450295
64GB-SAM-MICROSD/RDR,6483751
IPAD-KEYBOARD-DOCK,8058911
IPAD-DOCK,8059413
IPAD-CASE-APPLE,8060455
8767676,8767676
LC-SAM-A797-BODYGLV-SW,9118902
LC-SAM-A797-BODYGLV-SW,9118902
LC-GZONE-ROCK-C731-SW,9126701
LC-LG-VUPLUS-BODYGLV-SNAP,9132902
LC-LG-VUPLUS-BODYGLV-SNAP,9132902
LC-LG-VUPLUS-BODYGLV-SNAP,9132902
LC-IPHONE4-FRINGE-BGSNAP,9147003
LC-IPHONE4-FRINGE-BGSNAP,9147003
SCREEN-PROTECTOR-3PK,9236001
SCREEN-PROTECTOR-3PK,9236001
LC-SAM-CONVOY2-U660-SW,9241001
9252001,9252001
LC-LG-XPRESS-BG-SNAP,9278201
LC-BLKBRY-PASSPORT-BG-SHELL,9489401
LC-BLKBRY-PASSPORT-BG-SHELL,9489401
XtremPro 61019,9571842
9811728,9811728
9820103,9820103
64GB-USB-3.0-DT,11068785
16500466,16500466
16551221,16551221
18106971,18106971
SA1900-SG-GRY/BK,19002415
VIVE-W-STR-CON,21065055
VIVE-FOCUS-VISION,21071155
27361101,27361101
27361101,27361101
CL-NOVATEL-MIFI-5792,40115125
43191600,43191600
HS-EAR-COVER-100PC-XL,43191607
43200000,43200000
eBeam Capture Pack,46000203
eBeam Edge for Business (USB),46000880
eBeam Edge for Business (Bluetooth/USB),46001845
70002534,70002534
76000240,76000240
94100701,94100701
102937588,102937588
102937588,102937588
KEYBOARD-ZAGG-IPAD-10.2,103104613
KEYBOARD-ZAGG-IPAD-AIR-MODERN,103107270
KEYBOARD-ZAGG-IPAD-A16,103114573
KEYBOARD-ZAGG-IPAD-PRO-11-M5,103114573
KEYBOARD-ZAGG-PRO9.7,103302109
106053416,106053416
ZAGG-PRO2-STYLUS,109911374
Canon-A590IS,113006291
Canon-A590IS,113006291
SCREEN-PROTECT-SAM-S10,200302955
SCREEN-PROTECT-SAM-S10+,200303101
SCREEN-GF-IPAD-10.2,200308040
SCREEN-GF-IPAD-AIR-5,200308041
SCREEN-GF-IPAD-PRO-11,200308041
SCREEN-GF-IPAD-PRO-12.9,200308042
SCREEN-GF-IPAD-10.9,200310427
296908700,296908700
LC-ASMYNA-SAM-S20FE,302301318
302583384,302583384
401149802,401149802
406743419,406743419
CHARGE-PAD-MOPHIE-U,409901482
700381817,700381817
700434897,700434897
700500205N,700500205
700500205R,700500205
AVAYA B189,700503700
AVAYA B189,700503700
31481508,1002624800
1090105201,1090105201
1885228554,1885228554
4301665601,4301665601
LC-SAM-GAL-KROFEL-POUCH-U,4326466388
LC-SAM-S8-MOKO-CLR,4326500001
LC-SAM-GAL-S8-MOKO-BLK,4326525903
SCREEN-PROTECT-IPHONE-U,4326567905
LC-JLYIFAN-POUCH-U,4326852250
4331971174,4331971174
4336304261,4336304261
CL-KYOCERA-E4710,6200003180
6436578051,6436578051
8541671582,8541671582
DP-TO-HDMI-UVOOI,8541678178
8541686626,8541686626
8541760430,8541760430
8541764923,8541764923
8541769933,8541769933
1.14498E+11,1.14498E+11
LC-IPAD2-MARWARE-CEO-HYBRID,6.02956E+11
LC-IPHONE4S-MICROSHELL-MW-BLK,6.02956E+11
LC-IPAD2-MARWARE-FOLIO,6.02956E+11
SCREEN-ANTIGLARE-MARWARE-IPAD2,6.02956E+11
HPQE2ZM/A,7.45884E+11
LC-SC-UB-PRO-TAB-A-BLK,7.52454E+11
LC-NIMBUS9-SAM-GAL-S20-FE-BLK,8.10059E+11
LC-NIMBUS9-SAM-GAL-S20-FE-GRY,8.10059E+11
8.36213E+11,8.36213E+11
8.36213E+11,8.36213E+11
LC-SUPCASE-SAM-GAL-S23FE-DG,8.43439E+11
AIRTAG-EL-MNT-4PK,8.50007E+11
2.72457E+12,2.72457E+12
4.57333E+12,4.57333E+12
AAA-BATT-8PK,3.00398E+13
8.87774E+14,8.87774E+14
.AUDIO 345,.Audio 345
.AUDIO 365,.Audio 365
.AUDIO 610 USB,.Audio 610 USB
.AUDIO 615M,.AUDIO 615M
.AUDIO 625 USB,.Audio 625 USB
.AUDIO 650 USB,.Audio 650 USB
? LC-CASEBUS-IPAD-11TH-GEN-GRN,? LC-CASEBUS-IPAD-11TH-GEN-GRN
?3DX-700081,?3DX-700081
?6324-HA,?6324-HA
LC-IPAD-MINI6-DEF,?77-87476
?910-006558,?910-006558
?920-008001,?920-008001
?920-009862,?920-009862
?920-010260,?920-010260
?960037VGAHDMI-BK,?960037VGAHDMI-BK
?A25-3PL256-500F,?A25-3PL256-500F
BN63-18877A,?BN63-18877A
?CB-ISATAU2,?CB-ISATAU2
?HNT-PD416,?HNT-PD416
?M2-HDD-DUPLICATOR-N1,?M2-HDD-DUPLICATOR-N1
?M471B1G73EB0-YK0,?M471B1G73EB0-YK0
KEYBOARD-MAGIC-IPAD-13inch-BLACK,?MGYY4LL/A
?MM0A3AM/A,?MM0A3AM/A
PC-DUAL-USB-TYPE-C-U,?MNWM3AM/A
?MQDP3LL/A,?MQDP3LL/A
?MW2H3AM/A-BOEING,?MW2H3AM/A
APPLE-AIRTAG,?MX532LL/A
Airpods 4,?MXP63LL/A
?MYQT3AM/A,?MYQT3AM/A
?MZ-V9P2T0,?MZ-V9P2T0
OODLES-6PK,?ON-52-6-BLUE
?PWR-TAHQC3.0N,?PWR-TAHQC3.0N
?R-1360,?R-1360
32GB-MSD-SANDISK,?SDSDQUAN-032G-G4A/SDSQUA4-032G-AN6IA
32GB-MSD-SANDISK,?SDSDQUAN-032G-G4A/SDSQUA4-032G-AN6IA
?SDSSDE61-2T00-G25,?SDSSDE61-2T00-G25
?SLK4000-13NB,?SLK4000-13NB
000155black,000155black
000181black,000181black
000200black,000200black
000317grey,000317grey
000328black,000328black
B-HOL-SONIM-U,0013964273755
001R00623,001R00623
001UPCG155MWHT,001UPCG155MWHT
001UPCG212MBLA1,001UPCG212MBLA1
001UPCG255MWHT,001UPCG255MWHT
0060-YORK-PRO,0060-YORK-PRO
006544-VM2-PAK,006544-VM2-PAK
006547-vm2-pak,006547-vm2-pak
006547-VM2-PAK,006547-VM2-PAK
0066-60823-YBLK,0066-60823-YBLK
006R01746,006R01746
006R01747,006R01747
006R01748,006R01748
006R01749,006R01749
008R08102,008R08102
008R08103,008R08103
LE00G1073-USA,00G1073-USA
LE00G1073-USA-002,00G1073-USA-015
Diamond L2-10E,00G2110-010
VIENCEEN-6IN-4PK,013B020
013R00681,013R00681
ADAPT-3.5MM-2.5MM-U,01-PH25-PH35/HDW-15306-002
ADAPT-3.5MM-2.5MM-U,01-PH25-PH35/HDW-15306-002
ADAPT-3.5MM-2.5MM-U,01-PH25-PH35/HDW-15306-002
ADAPT-3.5MM-2.5MM-U,01-PH25-PH35/HDW-15306-002
ADAPT-3.5MM-2.5MM-U,01-PH25-PH35/HDW-15306-002
02-020203,02-020203
LC-SAM-FLIGHT2-A927-SW,02251
023942983972,023942983972
LC-IPHONE-3G-SW,02523
0284B002,0284B002
0284B002,0284B002
03046,03046
03200GS064077,03200GS06407
035532,035532
0403187,0403187
XSTAMPER-04100,04100
LC-SPIGEN-ARMOR-IPHONE-7,042CS20647
LC-SPIGEN-ARMOR-IPHONE-7,042CS20647
LC-SPIGEN-ARMOR-IPHONE-7,042CS20647
LC-SPIGEN-ARMOR-IPHONE-SE,042CS20647
LC-SPIGEN-ARMOR-IPHONE-SE,042CS20647
LC-SPIGEN-ARMOR-IPHONE-SE,042CS20647
LC-SPIGEN-ARMOR-IPHONE-7PLUS,043CS20648
051131373853,051131373853
05-25703-00,05-25703-00
LC-SPIGEN-ARMOR-IPHONE-XS,063CS24518
06448-00,06448-00
LC-SPIGEN-ARMOR-IPHONE-XR,064CS24531
LC-SPIGEN-ARMOR-IPHONE-XR,064CS24531
LC-SPIGEN-ARMOR-IPHONE-XS-MAX,065CS24544
LC-SPIGEN-ARMOR-IPHONE-11-PRO-MAX,075CS27060
LC-SPIGEN-ARMOR-IPHONE-11,076CS27081
LC-SPIGEN-ARMOR-IPHONE-11,076CS27081
076CS27184,076CS27184
LC-SPIGEN-ARMOR-IPHONE-11-PRO,077CS27107
09-0148,09-0148
0909-25FFN,0909-25FFN
09300240301,09300240301
097855051981,097855051981
09W8C4,09W8C4
0b186017-237b-4eec-a2f3-8fcf4892a4d7,0b186017-237b-4eec-a2f3-8fcf4892a4d7
HDST-BT-ODE-S20FE,0GD87BG4
0R1XFC,0R1XFC
1.01.016.001A01,1.01.016.001A01
10-03914,10-03914
FREEWAY,100-46000000-02
FREEWAY,100-46000000-02
CRUISER,100-47100000-02
CRUISER,100-47100000-02
CRUISER2,100-47200000-02
CRUISER2,100-47200000-02
DRIVE,100-49000001-02
EASYGO,100-92100000-02
MINI,100-92310000-02
EXTREME,100-95400210-02
EXTREME,100-95400210-02
EXTREME2,100-95500000-02
SUPREME+,100-99400001-02
MOTION,100-99500000-02
STEALTH-NIKE,100-99800000-02
STEALTH,100-99800000-02
STEALTH,100-99800000-02
STEALTH,100-99800000-02
TALK 45,100-99800900-02
TALK 45,100-99800900-02
TALK 45,100-99800900-02
TALK 45,100-99800900-02
TALK45-WLMT,100-99800900-17
Canon 100ES K2,100ES K2
10111-101,10111-101
101-90-160,101-90-160
102013-10-2,102013-10-2
103 966 396,103 966 396
1036501-BLK-ONE/SIZE,1036501-BLK-ONE/SIZE
1067C001,1067C001
106R02748,106R02748
106R02749,106R02749
106R02750,106R02750
106R02751,106R02751
106R03512,106R03512
106R03514,106R03514
106R03515,106R03515
106R04048,106R04048
1072C001,1072C001
1078C001,1078C001
108001-6,108001-6
108R01121,108R01121
1090C001,1090C001
1093C001,1093C001
1093C001,1093C001
POWERSHOT 180,1093C001
1093C001,1093C001
1096C001,1096C001
10G-SFP-SR-MYR,10G-SFP-SR-MYR
10U2-02106EBK,10U2-02106EBK
10X8-07110,10X8-07110
110-1205ET+AR1030HT,110-1205ET+AR1030HT
11-1016102,11-1016102
1151D1,1151D1
1153-MNT-SS,1153-MNT-SS
1200-8T-E-2G,1200-8T-E-2G
1200-8T-E-2G,1200-8T-E-2G
9200-12-A,1200BK
9200-12-A,1200BK
1200DG,1200DG
PHSDCND-G12,1200GR
PHSDCND-G12,1200GR
H4DU26412,1200GR
H4DU26412,1200GR
9200-12-C,1200IV
9200-12-C,1200IV
12105C106KAT2A,12105C106KAT2A
CRD-NWTRS-2SUCH-01,12184FBA
UN3481-CAUTION-LITH,12184FBA
12329X117272,12329X117272
12510G-21,12510G-21
LC-IPAD-MINI5-FOLIO-BLK,126936-1050
LC-IPAD-AIR3-FOLIO-BLK,128045-B565
128GBMSD,128GBMSD
12PACKACOUSTICFOAM1,12PACKACOUSTICFOAM1
12TSV7M,12TSV7M
138489-5085,138489-5085
139259-1041,139259-1041
13X6-56110,13X6-56110
13X6-56125,13X6-56125
13X6-56150,13X6-56150
14101-19-BOEING,14101-19
14101-19-BOEING,14101-19
14121-27-BOEING,14121-27
14121-27,14121-27
14183-00,14183-00
14183-00,14183-00
14207-10,14207-10
14207-66-BOEING,14207-66
LINK 360 MS,14208-02
14401-08,14401-08
14401-08-BOEING,14401-08
14401-08,14401-08
14401-08-BOEING,14401-08
15-175-012,15-175-012
1531815-US,1531815-US
15729-05,15729-05
15729-05,15729-05
15729-05,15729-05
15729-05,15729-05
15729-05,15729-05
15729-05,15729-05
15729-05,15729-05
15729-05-BOEING,15729-05
15729-05-BOEING,15729-05
15729-05-BOEING,15729-05
15729-05-BOEING,15729-05
15729-05-BOEING,15729-05
15729-05-BOEING,15729-05
1593-823-109,1593-823-109
1597-1553-ND,1597-1553-ND
1600-60-STOCK,1600-60
1600-60,1600-60
161MK2B,161MK2B
1630-004-110,1630-004-110
163-399F65 XS f,163-399F65 XS f
17593-01,17593-01
17593-01,17593-01
17593-01,17593-01
17593-01,17593-01
1769-L30ER,1769-L30ER
17876-02,17876-02
LC-SAM-GAL-S4-LIFE-NUUD-BLK,1801-01
18253G-10,18253G-10
1840-3082,1840-3082
18709-01,18709-01
18P2721,18P2721
18P3321,18P3321
18P3327,18P3327
LC-IPAD-PRO-10.5-INCIP-CLARION-BLK,191058021410/IPD-378-BLK
LC-IPAD-PRO-10.5-INCIP-CLARION-BLU,191058021410/IPD-378-BLU
192-8747,192-8747
AC-ONLY-MOT-Z6C-U,19421/353936/340485
AC-ONLY-MOT-Z6C-U,19421/353936/340485
AC-ONLY-MOT-Z6C-U,19421/353936/340485
AC-ONLY-MOT-Z6C-U,19421/353936/340485
LC-OTTERBOX-IPHONE-3G-DEF-BLK,1942-20.5
LC-OTTERBOX-IPHONE-3G-DEF-BLK,1942-20.5
LC-OTTERBOX-IPHONE-3G-DEF-BLK,1942-20.5
LINK 950 USB-A,1950-79
LINK 950 USB-A,1950-79
196U,196U
196U,196U
GN1900 USB Duo NC,1989-829-107
ADAPT-AC-USB-NOCABLE,1ANANSUWCVNV
1K7K3A#B1H,1K7K3A#B1H
1KR54A,1KR54A
1V4593,1V4593
1VJ-00SZ-00036,1VJ-00SZ-00036
200115-1,200115-1
2001-391,2001-391
BACKBEAT GO2-CASE,200203-01
BACKBEAT GO2-CASE,200203-01
BACKBEAT PRO,200590-01
BACKBEAT PRO,200590-01
VOYAGER EDGE,201010-01
VOYAGER EDGE WHITE,201020-01
201045-1.8m-E,201045-1.8m-E
HW530,201500-01
HW530,201500-01
HW530,201500-01
HW530,201500-01
HW530,201500-01
201500-01-BOEING,201500-01
201500-01-BOEING,201500-01
201500-01-BOEING,201500-01
HW111N-USB,201595-11
HW111N USB MOC,202238-11
HW121N-USB,202257-11
202599-03,202599-03
202599-03,202599-03
CL-APPLE-IPHONE-MOPHIE-EXT-U,2026_JPU-BOOST-2
202652-01-BOEING,202652-01
202652-01-BOEING,202652-01
202652-02,202652-02
B825-M-NO-STAND,202652-04
B825-M-NO-STAND,202652-04
202652-04-BOEING,202652-04
202652-04-BOEING,202652-04
202652-04-BOEING,202652-04
B825-M,202652-102
B825-M,202652-102
B825-M,202652-102
B825-M,202652-102
202652-102-BOEING,202652-102
202652-102-BOEING,202652-102
202652-102-BOEING,202652-102
202652-102-BOEING,202652-102
202652-102-BOEING,202652-102
202652-102-BOEING,202652-102
202652-102-BOEING,202652-102
MOPHIE-POWERSTATION-DUO-U,2029JPUPWRSTIONDU
W445-CALL-CENTER-HEADSET-WIRELESS,203948-01
W445-CALL-CENTER-HEADSET-WIRELESS,203948-01
W445-CALL-CENTER-HEADSET-WIRELESS,203948-01
W445,203948-01
W445,203948-01
W445,203948-01
204-161742-001,204-161742-001
2042B002,2042B002
BLACKWIRE C315,204440-102
BLACKWIRE C325,204446-102
BLACKWIRE C325,204446-102
BACKBEAT PRO+,204800-01
BT600,205250-01
BT600,205250-01
BT600,205250-01
BT600,205250-01
BT600,205250-01
BT600,205250-01
BT600,205250-01
MDA100 QD,205255-01
MDA100 QD,205255-01
MDA100 QD,205255-01
205300-01,205300-01
205300-01,205300-01
205300-01,205300-01
205300-01,205300-01
205300-01,205300-01
205300-01-BOEING,205300-01
205300-01-BOEING,205300-01
205300-01-BOEING,205300-01
205300-01-BOEING,205300-01
205300-01-BOEING,205300-01
205301-01-BOEING,205301-01
205301-01-BOEING,205301-01
205301-01-BOEING,205301-01
205301-01-BOEING,205301-01
205301-01,205301-01
205301-01,205301-01
205302-01,205302-01
205302-01,205302-01
205302-01-BOEING,205302-01
205302-01-BOEING,205302-01
VOYAGER 5200 UC,206110-101
VOYAGER 5200 UC,206110-101
VOYAGER 5200 UC,206110-101
VOYAGER 5200 UC,206110-101
VOYAGER 5200 UC,206110-101
VOYAGER 5200 UC,206110-101
VOYAGER 5200 UC,206110-101
VOYAGER 5200 UC,206110-101
VOYAGER 5200 UC,206110-101
206110-101-BOEING,206110-101
206110-101-BOEING,206110-101
206110-101-BOEING,206110-101
206110-101-BOEING,206110-101
206110-101-BOEING,206110-101
206110-101-BOEING,206110-101
B5200-BOEING,206110-102
B5200-BOEING,206110-102
B5200-BOEING,206110-102
B5200-BOEING,206110-102
B5200-BOEING,206110-102
B5200-BOEING,206110-102
206110-102-BOEING,206110-102
206110-102-BOEING,206110-102
206110-102-BOEING,206110-102
206110-102-BOEING,206110-102
206110-102-BOEING,206110-102
206110-102-BOEING,206110-102
206110-102-BOEING,206110-102
W8210,207309-01
W8210,207309-01
W8210-M,207322-01
W8210-M,207322-01
207322-01-BOEING,207322-01
207322-01-BOEING,207322-01
207322-01-BOEING,207322-01
207322-01-BOEING,207322-01
207322-01-BOEING,207322-01
207322-01-BOEING,207322-01
W8220,207325-01
W8220,207325-01
W8220,207325-01
W8220,207325-01
207325-01-BOEING,207325-01
207325-01-BOEING,207325-01
207325-01-BOEING,207325-01
207325-01-BOEING,207325-01
W8220-M,207326-01
W8220-M,207326-01
207326-01-BOEING,207326-01
207326-01-BOEING,207326-01
207326-01-BOEING,207326-01
207326-01-BOEING,207326-01
207326-01-BOEING,207326-01
207326-01-BOEING,207326-01
BLACKWIRE C5220 USB-A,207576-01
BLACKWIRE C5220 USB-A,207576-01
BLACKWIRE C5220 USB-A,207576-01
BLACKWIRE C5220 USB-A,207576-01
BLACKWIRE C5220 USB-A,207576-01
BLACKWIRE C5220 USB-A,207576-01
207576-01-BOEING,207576-01
207576-01-BOEING,207576-01
207576-01-BOEING,207576-01
207576-01-BOEING,207576-01
207576-01-BOEING,207576-01
207576-01-BOEING,207576-01
207576-01-BOEING,207576-01
207577-01-BOEING,207577-01
207577-01-BOEING,207577-01
207577-01-BOEING,207577-01
207577-01-BOEING,207577-01
207577-01-BOEING,207577-01
207577-01-BOEING,207577-01
207586-01-BOEING,207586-01
207586-01-BOEING,207586-01
207586-01-BOEING,207586-01
207586-01-BOEING,207586-01
207586-01-BOEING,207586-01
207586-01-BOEING,207586-01
BLACKWIRE C5210 USB-C,207587-01
BLACKWIRE C5210 USB-C,207587-01
207587-01-BOEING,207587-01
207587-01-BOEING,207587-01
207587-01-BOEING,207587-01
207587-01-BOEING,207587-01
207587-01-BOEING,207587-01
207587-01-BOEING,207587-01
VOYAGER 6200 UC-BLK,208748-01
VOYAGER 6200 UC-BLK,208748-01
VOYAGER 6200 UC-BLK,208748-01
VOYAGER 6200 UC-BLK,208748-01
VOYAGER 6200 UC-BLK,208748-01
VOYAGER 6200 UC-SAND,208749-01
VOYAGER 8200 UC-BLK,208769-01
VOYAGER 8200 UC-BLK,208769-01
VOYAGER 8200 UC-BLK,208769-01
208769-01-BOEING,208769-01
208769-01-BOEING,208769-01
208769-01-BOEING,208769-01
208769-01-BOEING,208769-01
208769-01-BOEING,208769-01
VOYAGER 8200 UC-WHT,208769-02
VOYAGER 8200 UC-WHT,208769-02
208769-101-BHF,208769-101
208769-101-BHF,208769-101
D200-M USB-A,209200-03
D200-M USB-A,209200-03
D200-M USB-A,209200-03
209506-01,209506-01
209506-01,209506-01
209506-01,209506-01
209506-01,209506-01
BLACKWIRE C3220 USB-A,209745-101
BLACKWIRE C3220 USB-A,209745-101
BLACKWIRE C3220 USB-A,209745-101
209745-101-BOEING,209745-101
209745-101-BOEING,209745-101
209745-101-BOEING,209745-101
BLACKWIRE C3225 USB-A,209747-101
BLACKWIRE C3225 USB-A,209747-101
BLACKWIRE C3225 USB-A,209747-101
BLACKWIRE C3225 USB-A,209747-101
D200-M USB-C,209850-03
D200-M USB-C,209850-03
D200-M USB-C,209850-03
2106 SEALINK+422,2106 SEALINK+422
BT600 USB-C,211249-01
BT600 USB-C,211249-01
BT600 USB-C,211249-01
BT600 USB-C,211249-01
BT600 USB-C,211249-01
211424-01,211424-01
211424-01,211424-01
211424-01,211424-01
211424-01,211424-01
211424-01,211424-01
211424-01,211424-01
211819-01-BOEING,211819-01
211819-01-BOEING,211819-01
211819-01-BOEING,211819-01
211819-01-BOEING,211819-01
211819-01-BOEING,211819-01
211819-01-BOEING,211819-01
211819-01-BOEING,211819-01
B4220 USB-A,211996-101
B4220 USB-A,211996-101
B4220 USB-A,211996-101
Focus2-M-BOEING,213727-02
Focus2-M-BOEING,213727-02
Focus2-M-BOEING,213727-02
Focus2-M-BOEING,213727-02
Focus2-M-BOEING,213727-02
213939-101-BOEING,213939-101
213939-101-BOEING,213939-101
214004-01-BOEING,214004-01
214004-01-BOEING,214004-01
214004-01-BOEING,214004-01
214004-01-BOEING,214004-01
214004-01-BOEING,214004-01
214004-01-BOEING,214004-01
214573-01,214573-01
215694-01,215694-01
215694-01,215694-01
215694-01,215694-01
215694-01,215694-01
215694-01,215694-01
2159658-1,2159658-1
216086-03-BOEING,216086-03
216086-03-BOEING,216086-03
216086-03-BOEING,216086-03
216086-03-BOEING,216086-03
216086-03-BOEING,216086-03
216086-03-BOEING,216086-03
216086-03-BOEING,216086-03
216100-01,216100-01
216100-01,216100-01
"Voyager Free 60+ UC, USB-C, Teams White",216755-02
"Voyager Free 60+ UC, USB-C, Teams White",216755-02
"Voyager Free 60+ UC, USB-C, Teams White",216755-02
216866-01-BOEING,216866-01
216866-01-BOEING,216866-01
216866-01-BOEING,216866-01
216866-01-BOEING,216866-01
216867-01-BOEING,216867-01
216867-01-BOEING,216867-01
216867-01-BOEING,216867-01
216867-01-BOEING,216867-01
216867-01-BOEING,216867-01
216867-01-BOEING,216867-01
216870-01-BOEING,216870-01
216870-01-BOEING,216870-01
216870-01-BOEING,216870-01
216870-01-BOEING,216870-01
216871-01-BOEING,216871-01
216871-01-BOEING,216871-01
216871-01-BOEING,216871-01
216871-01-BOEING,216871-01
216871-01-BOEING,216871-01
216871-01-BOEING,216871-01
216871-01-BOEING,216871-01
SY20-M+ USB-C,216871-01
SY20-M+ USB-C,216871-01
SY20-M+ USB-C,216871-01
218266-01-BOEING,218266-01
218266-01-BOEING,218266-01
218266-01-BOEING,218266-01
218266-01-BOEING,218266-01
218266-01-BOEING,218266-01
218267-01-BOEING,218267-01
218267-01-BOEING,218267-01
218267-01-BOEING,218267-01
218267-01-BOEING,218267-01
218267-01-BOEING,218267-01
EP525-M USB-A,218275-01
EP525-M USB-A,218275-01
EP525-M USB-A,218275-01
218471-02-BOEING,218471-02
218471-02-BOEING,218471-02
218471-02-BOEING,218471-02
218471-02-BOEING,218471-02
218479-02-BOEING,218479-02
218479-02-BOEING,218479-02
218479-02-BOEING,218479-02
218479-02-BOEING,218479-02
218764-01-BOEING,218764-01
218764-01-BOEING,218764-01
218764-01-BOEING,218764-01
218764-01-BOEING,218764-01
218764-01-BOEING,218764-01
218764-01-BOEING,218764-01
218764-01-BOEING,218764-01
218765-01-BOEING,218765-01
218765-01-BOEING,218765-01
218765-01-BOEING,218765-01
218765-01-BOEING,218765-01
218765-01-BOEING,218765-01
218765-01-BOEING,218765-01
21Y-00001,21Y-00001
2200-00675-002,2200-00675-002
2200-00675-003,2200-00675-003
2200-00699-001,2200-00699-001
2200-06315-001-STOCK,2200-06315-001
2200-06315-001-STOCK,2200-06315-001
2200-15810-025,2200-15810-025
2200-16020-001,2200-16020-001
2200-16155-001,2200-16155-001
2200-16155-001,2200-16155-001
2200-16155-001,2200-16155-001
2200-16200-001-INV,2200-16200-001
2200-16200-001-INV,2200-16200-001
2200-16200-001,2200-16200-001
2200-16200-001,2200-16200-001
2200-16200-001,2200-16200-001
2200-16200-001,2200-16200-001
2200-32400-001,2200-32400-001
2200-32500-025,2200-32500-025
2200-32500-025,2200-32500-025
CX300-R2-BOEING,2200-32530-025
CX300-R2-BOEING,2200-32530-025
CX300-R2-BOEING,2200-32530-025
CX300-BOEING,2200-32530-025
CX300-R2,2200-32530-025
CX300-R2,2200-32530-025
CX300-BOEING,2200-32530-025
CX300-R2,2200-32530-025
CL-SAM-S3-JUICEPACK-BLK,2200-JP-SSG-BLK
220116-01-BOEING,220116-01
220116-01-BOEING,220116-01
220116-01-BOEING,220116-01
220116-01-BOEING,220116-01
220117-01-BOEING,220117-01
220117-01-BOEING,220117-01
220117-01-BOEING,220117-01
220117-01-BOEING,220117-01
220117-01-BOEING,220117-01
220117-01-BOEING,220117-01
AC-USB-TYPE-C-U,22068/535903/EP-TA315CWEGUS/F7U001tt06-BLK
AC-USB-TYPE-C-U,22068/535903/EP-TA315CWEGUS/F7U001tt06-BLK
AC-USB-TYPE-C-U,22068/535903/EP-TA315CWEGUS/F7U001tt06-BLK
AC-USB-TYPE-C-U,22068/535903/EP-TA315CWEGUS/F7U001tt06-BLK
22096-02,22096-02
CL-SAM-GAL-S3-JUICEPACK-WHITE,2245JPGALAXYSIIIW
CL-IPHONE5-HELIUM-EXT-BLK,2250_JPH-IP5-MBLK
2265N11,2265N11
2277000-R,2277000-R
2280-4022-ND,2280-4022-ND
2280-6003-ND,2280-6003-ND
2280-6005-ND,2280-6005-ND
2280-6027-ND,2280-6027-ND
2280-7028-ND,2280-7028-ND
CL-SAM-S5-JUICEPACK-BLK,2324_JP-SSG5-BLK
CL-SAM-S4-JUICEPACK-BLK,2325JPSSG4BLK
23844-00-00R,23844-00-00R
2404-013A,2404-013A
2404-101,2404-101
24089-889-899-KNDRYL,24089-889-899
24089-889-899-KNDRYL,24089-889-899
24089-889-999-KNDRYL,24089-889-999
24089-889-999-KNDRYL,24089-889-999
24089-989-899-KNDRYL,24089-989-899
24089-989-899-KNDRYL,24089-989-899
24089-989-999-KNDRYL,24089-989-999
24089-989-999-KNDRYL,24089-989-999
24089-999-999-KNDRYL,24089-999-999
24089-999-999-KNDRYL,24089-999-999
24316-01,24316-01
24316-01,24316-01
2457-00448-001,2457-00448-001
2457-00448-001,2457-00448-001
2457-00449-001,2457-00449-001
2457-17240-002,2457-17240-002
2457-40124-001,2457-40124-001
246-001,246-001
2471-60,2471-60
2489-820-209,2489-820-209
2489-820-209,2489-820-209
BIZ 2400 USB OC DUO,2499-823-105
2499-823-105,2499-823-105
250013-VOE-20M,250013-VOE-20M
2500MMGM,250044-VBA-20M
250044-VOE-20M,250044-VOE-20M
ITT-2500-V-RD,250047-VBA-20M
ITT-2500-V-RD,250047-VBA-20M
ITT-2500NDL-RD,250047-VBA-NDL
9200-25-A,2500BK
2500DG,2500DG
VOICE 250 USB MONO MS,2507-823-109
250NAD,250NAD
2554 RED,2554 RED
ITT-2554-V-AS,255444-VBA-20M
ITT-2554-V-AS,255444-VBA-20M
ITT-2554-V-RD,255447-VBA-20M
ITT-2554-V-RD,255447-VBA-20M
255447-VBA-20M-INV,255447-VBA-20M
255447-VBA-20M,255447-VBA-20M
ITT-2554NDL-RD,255447-VBA-NDL
ITT-2554NDL-RD,255447-VBA-NDL
2554BMP,2554BMP
256C,256-001SK
2584N16,2584N16
H31,26088-11
H41,26089-11
26599-889-999-KNDRYL,26599-889-999
26599-889-999-KNDRYL,26599-889-999
26599-899-999-KNDRYL,26599-899-999
26599-899-999-KNDRYL,26599-899-999
26599-989-999-KNDRYL,26599-989-999
26599-989-999-KNDRYL,26599-989-999
26599-999-989-BOEING,26599-999-989
26599-999-989-BOEING,26599-999-989
26599-999-989-BOEING,26599-999-989
26699-999-999-01,26699-999-999-01
26716-01,26716-01
26716-01,26716-01
26716-01,26716-01
26716-01,26716-01
26716-01,26716-01
26716-01-THD,26716-01
26716-01-THD,26716-01
26716-01-THD,26716-01
26716-01-THD,26716-01
26716-01-THD,26716-01
26716-01-BOEING,26716-01
26716-01-BOEING,26716-01
26716-01-BOEING,26716-01
26716-01-BOEING,26716-01
26716-01-BOEING,26716-01
26716-01-BOEING,26716-01
26716-01-BOEING,26716-01
26716-01-BOEING-MEMBER,26716-01
26716-01-BOEING-MEMBER,26716-01
26716-01-BOEING-MEMBER,26716-01
26716-01-BOEING-MEMBER,26716-01
26716-01-BOEING-MEMBER,26716-01
26716-01-BOEING-MEMBER,26716-01
26716-01-BOEING-MEMBER,26716-01
267A,267A
267A,267A
267C 6P 4 COND,267C 6P 4 COND
H41N,26851-02
H31N,26858-02
270000TP227S,270000TP227S
27019-03,27019-03
27019-03,27019-03
27019-03,27019-03
27019-03,27019-03
27019-03,27019-03
27190-01,27190-01
27190-01,27190-01
27190-01-PP,27190-01
2740-209,2740-209
27599-999-999-BOEING,27599-999-999
27599-999-999-BOEING,27599-999-999
27708-01,27708-01
27708-01,27708-01
27708-01,27708-01
27708-01,27708-01
2806GL-04W-B59,2806GL-04W-B59
28599-999-989-BOEING,28599-999-989
28599-999-989-BOEING,28599-999-989
28599-999-989-BOEING,28599-999-989
28959-01,28959-01
293-ADA,293-001
P10,29362-41
P10,29362-41
H81,29408-11
ELITE 810,2941536 (YYT1-902497)
ELITE 810,2941536 (YYT1-902497)
ELITE 810,2941536 (YYT1-902497)
ELITE 810,2941536 (YYT1-902497)
2955C001,2955C001
2955C001,2955C001
29955-07,29955-32
29955-07,29955-32
29955-07,29955-32
29955-32,29955-32
29955-32,29955-32
29960-01,29960-01
29960-01,29960-01
2996C002,2996C002
2CX-00NF-00004,2CX-00NF-00004
2N3700,2N3700
2N3904,2N3904
30-001-10B,30-001-10B
301-00102-01,301-00102-01
301-00104-01,301-00104-01
3100-TTWBE,3100-TTWBE
3100-TTWR-USA,3100-TTWR-USA
31051 IVORY,31051 IVORY
31053 6',31053 6'
3124-500A1,3124-500A1
3156-05B,3156-05B
3156-07B,3156-07B
3158-07D,3158-07D
3158-07G,3158-07G
3198-006,3198-006
320-1488,320-1488
320-1619,320-1619
CL-SAM-S6-JUICEPACK-BLK,3204_JP-SGS6-BLK
BOSE-A20,324843-3020
BOSE-A20,324843-3020
327070-W230,327070-W230
zShades-32GB-SD,32GB-SD
33-004-064-RC,33-004-064-RC
3304-8SG,3304-8SG
3304-8SGA,3304-8SGA
AVAYA 2410-REFURB,3304-G10
MOPHIE-POWERRESERVE-U,3324PWRRESERVE26K
Avaya 2420  New,3325-G20A
33-406-085,33-406-085
HDST-LG-CF360-EARBUD-U,337256/SGEY0007602
33ND-003,33ND-003
CL-SAM-S7-JUICEPACK-BLK,3407_JP-SGS7-BLK
CL-SAM-S7EDGE-JUICEPACK-BLK,3409_JP-SGS7E-BLK
LC-LG-CU400-SW,342483/392020
LC-LG-CU400-SW,342483/392020
LC-LG-CU400-SW,342483/392020
LC-LG-CU400-SW,342483/392020
LC-SONERC-W518A-SW,343272/321983
BLKBRY-USBCABLE-U,352762/ASY-06610-001
BLKBRY-USBCABLE-U,352762/ASY-06610-001
BLKBRY-USBCABLE-U,352762/ASY-06610-001
35410-1730-0000,35410-1730-0000
B-HOL-APPLE-IPHONE4-PG-SW,35800PUR
358-SC1631,358-SC1631
LC-IPHONE4-PG-SKIN-BLUE,35957PUR
LC-IPHONE4-PG-SKIN-RED,35962PUR
LC-IPHONE4-PG-SKIN-SMOKE,35963PUR
35SAT225S3R,35SAT225S3R
3703-2WH,3703-2WH
38350-11,38350-11
APC-42,38350-12
APC-43,38350-13
APC-43,38350-13
APC-43,38350-13
APC-43,38350-13
APC-43,38350-13
38350-13-BOEING,38350-13
38350-13-BOEING,38350-13
38350-13-BOEING,38350-13
38350-13-BOEING,38350-13
38350-13-BOEING,38350-13
38350-13-BOEING,38350-13
38541-02,38541-02
38541-02,38541-02
VOYAGER PRO UC-MOC,38659-15
VOYAGER PRO UC-MOC WG201/B,38659-15
38659-15,38659-15
B230-M,38884-01
38884-01,38884-01
LC-LG-CU720-SW,396837/351320
CL-SAM-GAL-S8-JUICEPACK-BLK,3993_JP-SGS8-BLK
3DFV8,3DFV8
3HZ96AN,3HZ96AN
3HZ97AN,3HZ97AN
3HZ98AN,3HZ98AN
3HZ99AN,3HZ99AN
3M-S-575,3M-S-575
3R5-EB3-40TB,3R5-EB3-40TB
3R5-EB3-90TB,3R5-EB3-90TB
40062G-06,40062G-06
400D LINE SPLITTER,400D LINE SPLITTER
40-110-03M,40-110-03M
H81N,40203-01
H81N,40203-01
40286-01,40286-01
40-600-010,40-600-010
40688G-90,40688G-90
40700-01,40700-01
40703-01,40703-01
40705-01,40705-01
40709-01,40709-01
40709-01,40709-01
40709-01,40709-01
40709-01,40709-01
40709-02,40709-02
40709-02,40709-02
40709-02,40709-02
40709-02,40709-02
40709-02,40709-02
40709-02,40709-02
40709-02,40709-02
40711-01,40711-01
40711-01,40711-01
40711-01,40711-01
40711-01,40711-01
40845-01,40845-01
40845-01,40845-01
40845-01,40845-01
40845-01,40845-01
40863G-02,40863G-02
40863G-02,40863G-02
408GS/LS-ID-MLX,408GS/LS-ID-MLX
40974-01,40974-01
40990G-02,40990G-02
40992G-01,40992G-01
41030G-01,41030G-01
41033G-01,41033G-01
41034G-02,41034G-02
41090G-14,41090G-14
41925-01,41925-01
43038-01,43038-01
43038-01,43038-01
43038-01,43038-01
H91,43464-11
H91N,43465-01
H101N,43467-01
M22,43596-64
M22,43596-64
M22,43596-64
H31C/D,43674-01
H31C/D,43674-01
H31C/D,43674-01
H31C/D,43674-01
H31C/D,43674-01
CF3-PRO-130,451A-0000 930 4323
S-AC-56-2,451A-4005 710 2107
45-243-026,45-243-026
45-246-026,45-246-026
H141N,45273-01
H141,45276-01
452-BDWN,452-BDWN
45671-01,45671-01
26503-01,45671-01
46656-02,46656-02
470-AANJ,470-AANJ
4724095N,4724095N
SMALLRIG-4851B,4851B
485-4471,485-4471
49323-01,49323-46
49323-01,49323-46
49323-01,49323-46
49323-01,49323-46
49323-01,49323-46
49323-01,49323-46
49323-01,49323-46
49323-46,49323-46
49323-46,49323-46
49323-46,49323-46
49323-46,49323-46
49323-46,49323-46
49323-46,49323-46
49323-46,49323-46
498-119-001-603,498-119-001-603
4RA82F#BGJ,4RA82F#BGJ
4TB70CJ1U,4TB70CJ1U
4X30H56796,4X30H56796
4X90Q59481,4X90Q59481
629875,4XUSB2APPLI5
500001-BLK-3x2,500001-BLK-3x2
500013-10,500013-10
50H98AA#ABL,50H98AA#ABL
LG50UP8000PUR,50UP8000PUR
BLKBRY-USBCABLE-9530-U,515661/F2CU012bt04-BLK/ACC-39504-301/ASY-18071-001
BLKBRY-USBCABLE-9530-U,515661/F2CU012bt04-BLK/ACC-39504-301/ASY-18071-001
LC-SAM-A657-SW,534422/325771/MIL-GV10/386025
LC-POUCH-XLARGE-U,534423/534423
535000-006,535000-006
EVOLVE 30 MONO UC,5393-829-209
EVOLVE 30 MONO UC,5393-829-209
5393-829-309-BOEING,5393-829-309
5393-829-309-BOEING,5393-829-309
5393-829-309-BOEING,5393-829-309
EVOLVE 30 STEREO UC,5399-829-209
EVOLVE 30 STEREO UC,5399-829-209
EVOLVE 30 II STEREO UC-BOEING,5399-829-309
5399-829-309-BOEING,5399-829-309
5399-829-309-BOEING,5399-829-309
5399-829-309-BOEING,5399-829-309
540-BDQZ,540-BDQZ
540-BDQZ,540-BDQZ
540-BDRD,540-BDRD
540-BDRD,540-BDRD
550-S,550-S
LC-SAM-GAL-S7-SPIGEN-TF-BLK,555CS20003
LC-SAM-GAL-S7-SPIGEN-SA,555CS20012
STEALTH UC-BOEING,5578-230-109
STEALTH UC-BOEING,5578-230-109
BIZ 550 USB MONO NC-SSPN,5593-823-109
5593-823-109,5593-823-109
UC VOICE BIZ 550 MONO-BOEING,5593-829-209
BIZ 550 USB DUO NC-SSPN,5599-823-109
UC VOICE BIZ 550 DUO-BOEING,5599-829-209
LC-SPIGEN-ARMOR-SAM-S8,565CS20831
LC-SPIGEN-ARMOR-SAM-S8,565CS20831
LC-SPIGEN-ARMOR-SAM-S8+,565CS20831
LC-SPIGEN-RUGGED-ARMOR-SAM-S8,565CS21609
LC-SAM-GAL-S8-SPIGEN-CLR,565CS21617
5684T18,5684T18
5708725BB,5708725BB
5734C002,5734C002
LC-SPIGEN-ARMOR-SAM-S9,586CS21828
LC-SPIGEN-ARMOR-SAM-S8-ACTIVE,586CS21828
LC-SPIGEN-ARMOR-SAM-S8-ACTIVE,586CS21828
LC-SPIGEN-ARMOR-SAM-NOTE8,587CS21835
LC-SPIGEN-ARMOR-SAM-S9+,593CS22967
LC-SPIGEN-ARMOR-SAM-NOTE9,599CS24504
5ECMRGRY_1Kbx,5ECMRGRY_1Kbx
CL-PAN-PURSUIT-STD-OEM-U,5HTB0081B0A
CL-PAN-PURSUIT-STD-OEM-U,5HTB0081B0A
CL-PAN-PURSUIT-STD-OEM-U,5HTB0081B0A
5J36C,5J36C
D6AP-87,6 CONDUCTER SILVER SATIN 25FT LINE CORD- CO-1000-2025
D6AP-87,6 CONDUCTER SILVER SATIN 25FT LINE CORD- CO-1000-2025
600-1464-00-036,600-1464-00-036
EAGLE SAFE SET,600152-1
EAGLE SAFE SET WITH PTT HANDSET,600152-2 AND 200198-1
600153-1,600153-1
EAGLE SAFE SET II w/standard handset-Spkr Dsbld,600153-1SD
600153-2 PTT SPKR-ENBLD,600153-2
600153-2SD PTT,600153-2SD
601-060,601-060
60425-01,60425-01
60425-01,60425-01
60425-01,60425-01
60425-01,60425-01
60425-01,60425-01
Canon-EOS-R100,6052C012
LC-SPIGEN-ARMOR-SAM-S10,605CS25384
LC-SPIGEN-ARMOR-SAM-S10+,606CS25390
HL10,60961-32
HL10,60961-32
60961-32-BOEING,60961-32
60961-32-BOEING,60961-32
60961-32-BOEING,60961-32
SAVI HL10,60961-35
SAVI HL10,60961-35
SAVI HL10,60961-35
60961-35-BOEING,60961-35
60961-35-BOEING,60961-35
60961-35-BOEING,60961-35
60961-35-BOEING,60961-35
60961-35-BOEING,60961-35
LC-SPIGEN-ARMOR-SAM-S10e,609CS25689
610-301-6047,610-301-6047
H171N,61122-01
H171N,61122-01
61486-01,61486-01
615021-VOE-21M,615021-VOE-21M
61578-01,61578-01
61578-01,61578-01
616221440-64106299,616221440-64106299
61871-01,61871-01
62800-01,62800-01
BIZ 620 USB MONO NC,6293-823-309
6293-829-105,6293-829-105
6293-829-105,6293-829-105
6293-823-309,6293-829-105/6293-823-309
6299-823-309,6299-823-309
BIZ 620 USB DUO NC,6299-823-309
6299-829-105,6299-829-105
6299-829-105,6299-829-105
DA60,63725-01
DA55,63725-03
6393-823-109-BOEING,6393-823-109
6393-823-109-BOEING,6393-823-109
6393-823-109-BOEING,6393-823-109
6393-823-109-BOEING,6393-823-109
6393-823-109-KNDRYL,6393-823-109
6393-823-109-KNDRYL,6393-823-109
6393-829-209-BOEING,6393-829-209
6393-829-209-BOEING,6393-829-209
6393-829-209-BOEING,6393-829-209
6399-823-109-BOEING,6399-823-109
6399-823-109-BOEING,6399-823-109
6399-823-109-BOEING,6399-823-109
6399-823-109-BOEING,6399-823-109
6399-829-209-BOEING,6399-829-209
6399-829-209-BOEING,6399-829-209
6399-829-209-BOEING,6399-829-209
EVOLVE 40 STEREO UC-NIKE,6399-829-209
AVAYA 6408D,6408D
6408D+,6408D+
6414-AB,6414-AB
6416D+,6416D+
6416D+M RF,6416D+M RF
11-09500,64300-200
6430-17-20-205,6430-17-20-205
6430-17-20-205-KitA,6430-17-20-205-KitA
HW251,64336-31
HW251,64336-31
HW251,64336-31
H261,64337-01
HW261,64337-31
HW261,64337-31
H251N,64338-01
HW251N,64338-31
HW251N,64338-31
HW251N,64338-31
HW251N,64338-31
H261N,64339-01
HW261N,64339-31
HW261N,64339-31
HW261N,64339-31
HW261N,64339-31
HW261N,64339-31
64394-11,64394-11
64395-11,64395-11
64397-01,64397-01
64399-01,64399-01
64399-01,64399-01
64399-01,64399-01
64399-03,64399-03
64399-03,64399-03
64399-03,64399-03
64401-01,64401-01
64402-11,64402-11
64402-11,64402-11
64621-01,64621-01
6510USB,6510USB
65111-01,65111-01
65116-01,65116-02
65116-01,65116-02
65116-01,65116-02
S12,65145-01
S12,65145-01
S12,65145-01
S12,65145-01
S12,65145-01
65145-01-BOEING,65145-01
65145-01-BOEING,65145-01
65145-01-BOEING,65145-01
65145-01-BOEING,65145-01
65145-01-BOEING,65145-01
65219-01,65219-01
6547-VM2,6547-VM2
M220C,65544-20
65700-01,65700-01
65932-01,65932-01
6593-823-309-BOEING,6593-823-309
6593-823-309-BOEING,6593-823-309
6593-823-309-BOEING,6593-823-309
6593-823-309-KNDRYL,6593-823-309
6593-823-309-KNDRYL,6593-823-309
6593-829-409-BOEING,6593-829-409
6593-829-409-BOEING,6593-829-409
6593-829-409-BOEING,6593-829-409
6593-829-409-KNDRYL,6593-829-409
6593-829-409-KNDRYL,6593-829-409
6599-823-399-KNDRYL,6599-823-399
6599-823-399-KNDRYL,6599-823-399
6599-829-409-BOEING,6599-829-409
6599-829-409-BOEING,6599-829-409
6599-829-409-BOEING,6599-829-409
6599-829-409-KNDRYL,6599-829-409
6599-829-409-KNDRYL,6599-829-409
EVOLVE 65 STEREO UC,6599-829-409
66268-01,66268-03
66268-01,66268-03
66291-01,66291-01
MOTION UC MS,6630-900-305
66735-01,66735-01
66735-01,66735-01
66735-01-BOEING,66735-01
66735-01-BOEING,66735-01
CS50 USB,67000-10
67000-61,67000-61
67063-01,67063-01
67712-01,67712-01
67712-01,67712-01
67712-01,67712-01
VOYAGER 500A,67891-02
MX500C,68982-11
MX500C,68982-11
M214C,69056-11
M214C,69056-11
69522-01,69522-01
69652-01,69652-01
69679-01,69679-01
CS55,69700-06
7010060-Ash,7010060-Ash
70235K99,70235K99
CS70N,70450-06
CS351N,70510-06
CS361N,70520-08
70584-01,70584-01
7099-823-309-KNDRYL,7099-823-309
7099-823-309-KNDRYL,7099-823-309
70SB171000000,70SB171000000
710/720 DESI SHEET,710/720 DESI SHEET
71483-01,71483-01
71779-02,71779-02
71781-01,71781-01
71782-01,71782-01
71782-01,71782-01
71782-01,71782-01
71782-01,71782-01
71782-01,71782-01
71782-01-BOEING,71782-01
71782-01-BOEING,71782-01
71782-01-BOEING,71782-01
71782-01-BOEING,71782-01
71782-01-BOEING,71782-01
DA40,71800-11
7200-14-W,7200-14-W
7200-25-W,7200-25-W
72195-01,72195-01
MX200,72245-06
MX250,72253-01
VOYAGER 510SL+,72274-01
MX500i,72517-01
72907-02,72907-02
72910-01,72910-01
72913-01,72913-01
72913-01,72913-01
72913-02,72913-02
72913-02,72913-02
72913-02,72913-02
7316HO1A-003,7316HO1A-003
733662-B21,733662-B21
73651-01,73651-01
CALISTO PRO,73680-26
7406D+,7406D+
7406D01A,7406D01A
7406D02A,7406D02A
7406D07A-003,7406D07A-003
7410-109,7410-109
SPEAK 410,7410-109
7507TAD02D,7507TAD02D
7510-209-KNDRYL,7510-209
7510-209-KNDRYL,7510-209
7510-309-BOEING,7510-309
7510-309-BOEING,7510-309
7510-309-BOEING,7510-309
7510-309-DONGLE,7510-309-DONGLE
SPEAK 510+UC-BOEING,7510-409
7510-409-KNDRYL,7510-409
7510-409-KNDRYL,7510-409
CAPTEL 840,757-000300NC1
LC-SAM-GAL-S7-SPECKCS-CLR,75836-5085
LC-SAM-GAL-S7-SPECKCS-BLK,75846-B565
VOYAGER 520,75859-01
LC-SAM-GAL-S7EDGE-SPECKCS-CLR,75868-5085
LC-SAM-GAL-S7-SPECK-BLK,75923-B565
7599-832-199-BOEING,7599-832-199
7599-832-199-BOEING,7599-832-199
7599-832-199-BOEING,7599-832-199
7599-838-109-KNDRYL,7599-838-109
7599-838-109-KNDRYL,7599-838-109
7599-838-199-KNDRYL,7599-838-199
7599-838-199-KNDRYL,7599-838-199
7599-838-199-BOEING,7599-838-199
7599-838-199-BOEING,7599-838-199
7599-838-199-BOEING,7599-838-199
7599-842-109-BOEING,7599-842-109
7599-842-109-BOEING,7599-842-109
.AUDIO 400 DSP,76921-01
214012-101-BOEING,76J17AA
214012-101-BOEING,76J17AA
214012-101-BOEING,76J17AA
214013-101-BOEING,76J17AA
214013-101-BOEING,76J17AA
214013-101-BOEING,76J17AA
214013-101-BOEING,76J17AA
214012-101-BOEING,76J17AA
Speak 750 MS-BOEING,7700-309
7700-409-KNDRYL,7700-409
7700-409-KNDRYL,7700-409
LC-OTTER-IPHONE-4-COMM-BLK,77-18548/APL4I4SUN20E4OTRA
LC-OTTER-IPHONE-4-COMM-BLK,77-18548/APL4I4SUN20E4OTRA
LC-OTTER-APPLE-IPAD2-DEF-U,77-18640/APL2IPADD20E4OTR
LC-OTTER-SAM-GALAXY-S3-DEF-BLK,77-21086
LC-OTTER-BLKBRY-Z10-DEF-BLK,77-25761
LC-OTTER-BLKBRY-Z10-DEF-BLK,77-25761
.AUDIO 480,77267-01
LC-OTTER-IPAD-AIR-DEF-BLK,77-27379
LC-OTTER-SAM-GAL-S4-DEF-BLK,77-27434
LC-OTTER-SAM-GAL-S4-DEF-BLK,77-27434
LC-OTTER-SAM-GAL-S4-DEF-BLK,77-27434
LC-OTTER-SAM-GAL-S4-COMM-BLK,77-27604
LC-OTTER-SAM-GAL-S4-COMM-BLK,77-27604
LC-OTTER-BLKBRY-Q10-DEF-BLK,77-27907
LC-OTTER-SAM-S4-MINI-DEF-BLK,77-31574
LC-OTTER-SAM-S4-MINI-DEF-BLK,77-31574
LC-OTTER-SAM-S4-MINI-COMM-BLK,77-31583
LC-OTTER-SAM-S4-MINI-COMM-BLK,77-31583
LC-OTTER-SAM-S4-MINI-COMM-BLK,77-31583
LC-OTTER-SAM-GAL-MEGA-DEF-BLK,77-31620
LC-OTTER-SAM-GAL-MEGA-DEF-BLK,77-31620
LC-OTTER-SAM-GAL-MEGA-DEF-BLK,77-31620
LC-OTTER-SAM-GAL-MEGA-COMM-BLK,77-31625
LC-OTTER-SAM-GAL-MEGA-COMM-BLK,77-31625
LC-OTTER-BLKBRY-Z30-COMM-BLK,77-32736
LC-OTTER-BLKBRY-Z30-DEF-BLK,77-32738
LC-OTTER-SAM-GAL-S5-DEF-BLK,77-38796
LC-OTTER-SAM-GAL-S5-DEF-BLK,77-38796
LC-OTTER-SAM-GAL-S5-COMM-BLK,77-39174
LC-OTTER-SAM-GAL-S5-COMM-BLK,77-39174
LC-OTTER-SAM-GAL-S5-COMM-BLK,77-39174
LC-OTTER-SAM-GAL-S5-COMM-BLK,77-39174
LC-OTTER-IPHONE-6-COMM-BLK,77-50217
LC-OTTER-IPHONE-6PLUS-COMM-BLK,77-50317
LC-OTTER-IPAD-AIR2-DEF-BLK,77-50969
LC-OTTER-IPAD-MINI-DEF-BLK-U,77-50972
LC-OTTER-BLKBRY-CLASSIC-DEF-BLK,77-51099
LC-OTTER-BLKBRY-CLASSIC-DEF-BLK,77-51099
LC-OTTER-SAM-GAL-S6-DEF-BLK,77-51154
LC-OTTER-SAM-GAL-S6-DEF-BLK,77-51154
LC-OTTER-SAM-GAL-S6-COMM-BLK,77-51202
LC-OTTER-SAM-GAL-S6-SYM-BLK,77-51210
LC-OTTER-SAM-GAL-S6-ACTIVE-DEF-BLK,77-51782
LC-OTTER-SAM-GAL-S6-ACTIVE-DEF-BLK,77-51782
LC-OTTER-SAM-GAL-S6-ACTIVE-DEF-BLK,77-51782
LC-OTTER-IPHONE-6S-DEF-BLK-U,77-52133
LC-OTTER-IPHONE-6PLUS-DEF-BLK,77-52236/77-50310
LC-OTTER-IPAD-MINI4-DEF-BLK,77-52771
LC-OTTER-IPAD-MINI4-DEF-BLK,77-52771
LC-OTTER-IPAD-PRO-12.9-DEF-BLK,77-52872/77-52874
LC-OTTER-IPAD-PRO-12.9-DEF-BLK,77-52872/77-52874
SCREEN-ALPHA-GLASS-SAM-S7,77-52889
LC-OTTER-SAM-GAL-S7-DEF-GLACIER,77-52910
LC-SAM-DEF-S7-GLACIER,77-52910
LC-OTTER-SAM-GAL-S7-EDGE-DEF-BLK,77-52972
LC-OTTER-SAM-GAL-S7-EDGE-COMM-BLK,77-53025
LC-OTTER-SAM-GAL-S7-SYM-BLK,77-53137
LC-OTTER-SAM-GAL-S7-STRADA-BLK,77-53173
SCREEN-GLASS-SAM-S7EDGE,77-53593
LC-OTTER-IPAD-PRO-9.7-DEF-BLK,77-53675
LC-OTTER-SAM-GAL-S7-ACTIVE-DEF-BLK,77-53725
LC-OTTER-SAM-GAL-S7-ACTIVE-DEF-BLK,77-53725
LC-OTTER-IPHONE-7PLUS-COMM-BLK,77-53911
SCREEN-ALPHA-GLASS-IPHONE-S7,77-54010
LC-OTTER-IPHONE-7PLUS-DEF-BLK,77-54089
LC-OTTER-IPHONE-7PLUS-DEF-BLK,77-54089
LC-OTTER-IPHONE-7PLUS-DEF-BLK,77-54089
LC-OTTER-SAM-GAL-S8-DEF-BLK,77-54515
LC-OTTER-SAM-GAL-S8-COMM-BLK,77-54534
LC-OTTER-SAM-GAL-S8-COMM-BLK,77-54534
LC-OTTER-SAM-GAL-S8-SYM-BLK,77-54544
LC-OTTER-SAM-GAL-S9+-DEF-BLK,77-54582
LC-OTTER-SAM-GAL-S8+-DEF-BLK,77-54582
LC-OTTER-SAM-GAL-S8+-COMM-BLK,77-54596
SCREEN-GLASS-SAM-S8+,77-54819
SCREEN-GLASS-SAM-S8+,77-54819
LC-OTTER-SAM-GAL-S7-DEF-BLK,77-54995/77-52909
LC-OTTER-SAM-GAL-S7-DEF-BLK,77-54995/77-52909
LC-OTTER-SAM-GAL-S7-DEF-BLK,77-54995/77-52909
LC-OTTER-SAM-GAL-S7-COMM-BLK,77-55025/77-52993
LC-OTTER-SAM-GAL-S7-COMM-BLK,77-55025/77-52993
LC-OTTER-SAM-GAL-S7-COMM-BLK,77-55025/77-52993
LC-OTTER-SAM-GAL-S7-COMM-BLK,77-55025/77-52993
LC-OTTER-IPAD-AIR3-DEF-BLK,77-55780
LC-OTTER-IPAD-AIR3-DEF-BLK,77-55780
LC-OTTER-IPAD-PRO-10.5-DEF-BLK,77-55780
LC-OTTER-IPAD-PRO-10.5-DEF-BLK,77-55780
LC-OTTER-IPAD-2017-9.7-DEF-BLK,77-55876
LC-OTTER-IPAD-2017-9.7-DEF-BLK,77-55876
LC-OTTER-SAM-GAL-NOTE8-DEF-BLK,77-55901
LC-OTTER-SAM-GAL-NOTE8-COMM-BLK,77-55917
LC-OTTER-SAM-GAL-NOTE8-COMM-BLK,77-55917
DA45,77559-41
LC-OTTER-IPHONE-SE-DEF-BLK-U,77-56603
LC-OTTER-IPHONE-SE-DEF-BLK-U,77-56603
LC-OTTER-IPHONE-8-DEF-MARI/BLU,77-56604
LC-OTTER-IPHONE-8-COMM-BLK-U,77-56650
LC-OTTER-IPHONE-8-COMM-BLK-U,77-56650
LC-OTTER-IPHONE-SE-COMM-BLK-U,77-56650
LC-OTTER-IPHONE-8-SYM-CLR,77-56719
LC-OTTER-IPHONE-8PLUS-DEF-BLK,77-56825
LC-OTTER-IPHONE-8PLUS-DEF-BLK,77-56825
LC-OTTER-IPHONE-8PLUS-COMM-BLK,77-56852
LC-OTTER-IPHONE-8PLUS-COMM-BLK,77-56852
LC-OTTER-IPHONE-8-SYM-BLK,77-56871
LC-OTTER-SAM-GAL-S9-DEF-BLK,77-57814
LC-OTTER-SAM-GAL-S9-COMM-BLK,77-57851
LC-OTTER-SAM-GAL-S9+-COMM-BLK,77-58014
SCREEN-GLASS-SAM-S9,77-58283
SCREEN-GLASS-SAM-S9+,77-58284
LC-OTTER-SAM-GAL-NOTE9-DEF-BLK,77-59090
LC-OTTER-SAM-GAL-NOTE9-COMM-BLK,77-59108
SCREEN-GLASS-SAM-NOTE9,77-59160
LC-OTTER-IPHONE-XS-DEF-BLK,77-59464
LC-OTTER-IPHONE-XS-DEF-BLK,77-59464
LC-OTTER-IPHONE-XS-COMM-BLK,77-59510
LC-OTTER-IPHONE-XS-COMM-BLK,77-59510
LC-OTTER-IPHONE-XR-DEF-BLK,77-59761
LC-OTTER-IPHONE-XR-DEF-BLK,77-59761
LC-OTTER-IPHONE-XR-COMM-BLK,77-59802
LC-OTTER-IPHONE-XR-COMM-BLK,77-59802
LC-OTTER-IPHONE-XR-SYMM-BLK,77-59818
LC-OTTER-IPHONE-XR-SYMM-BLK,77-59818
LC-OTTER-IPHONE-XR-SYM-IVY-MDW,77-59820
LC-OTTER-IPHONE-XS-MAX-DEF-BLK,77-59971
LC-OTTER-IPHONE-XS-MAX-COMM-BLK,77-60012
LC-OTTER-IPAD-PRO-11-2018-DEF-BLK,77-60983
LC-OTTER-IPAD-PRO-11-2018-DEF-BLK,77-60983
LC-OTTER-IPAD-PRO12.9-2018-DEF-BLK,77-60989
LC-OTTER-SAM-GAL-S10-DEF-BLK,77-61282
LC-OTTER-SAM-GAL-S10-COMM-BLK,77-61299
LC-OTTER-SAM-GAL-S10+-DEF-BLK,77-61411
LC-OTTER-SAM-GAL-S10+-COMM-BLK,77-61430
LC-OTTER-SAM-GAL-S10e-DEF-BLK,77-61537
LC-OTTER-SAM-GAL-S10e-DEF-BLK,77-61537
LC-OTTER-SAM-GAL-S10e-COMM-BLK,77-61550
LC-OTTER-IPAD-8TH-GEN-DEF-BLK,77-62032
LC-OTTER-IPAD-MINI5-DEF-BLK,77-62216
LC-OTTER-IPHONE-11-DEF-BLK,77-62457
LC-OTTER-IPHONE-11-DEF-BLK,77-62457
LC-OTTER-IPHONE-11-COMM-BLK,77-62463
LC-OTTER-IPHONE-11-COMM-BLK,77-62463
LC-OTTER-IPHONE-11-PRO-DEF-BLK,77-62519
LC-OTTER-IPHONE-11-PRO-DEF-BLK,77-62519
LC-OTTER-IPHONE-11-PRO-COMM-BLK,77-62525
LC-OTTER-IPHONE-11-PRO-MAX-DEF-BLK,77-62581
LC-OTTER-IPHONE-11-PRO-MAX-DEF-BLK,77-62581
LC-OTTER-IPHONE-11-PRO-MAX-COMM-BLK,77-62587
LC-OTTER-IPAD-7TH-GEN-SYM-CLR,77-63576
LC-OTTER-SAM-GAL-S20-DEF-BLK,77-64187
LC-OTTER-SAM-GAL-S20-COMM-BLK,77-64190
LC-OTTER-IPAD-PRO11-2ND-DEF-BLK,77-65136
LC-OTTER-IPAD-PRO11-2ND-DEF-BLK,77-65136
LC-OTTER-IPAD-PRO12.9-4TH-DEF-BLK,77-65137
LC-OTTER-IPAD-PRO12.9-4TH-DEF-BLK,77-65137
77-65317,77-65317
LC-OTTER-IPHONE-12-DEF-BLK,77-65401
LC-OTTER-IPHONE-12-COMM-BLK,77-65405
LC-OTTER-IPHONE-12-COMM-BLUE,77-65406
LC-OTTER-IPHONE-12-SYMM-BLK,77-65414
77-65423,77-65423
LC-OTTER-IPAD-AIR 4-DEF-BLK,77-65735
77-65774,77-65774
LC-IPHONE-12-COMM-BESPOKE,77-65906
77-66072,77-66072
LC-OTTER-IPHONE-12-DEF-BP,77-66215
LC-OTTER-IPHONE-12-PRO-MAX-DEF-BLK,77-66268
LC-OTTER-IPHONE-13-PRO-MAX-DEF-BLK,77-66268
LC-OTTER-SAM-GAL-S20-FE-SYMM-BLK,77-81086
LC-OTTER-SAM-GAL-S21-5G,77-81231
77-82139,77-82139
LC-OTTER-SAM-GAL-S20-FE-DEF-BLK,77-82242
LC-OTTER-IPHONE-13-PRO-DEF-BLK,77-83422
LC-OTTER-IPHONE-13-MINI-DEF-BLK,77-83426
LC-OTTER-IPHONE-13-PRO-COMM-BLK,77-83434
LC-OTTER-IPHONE-13-MINI-COMM-BLK,77-83442
LC-OTTER-IPHONE-13-PRO-MAX-COMM-BLK,77-83450
LC-OTTER-IPHONE-12-PRO-MAX-COMM-BLK,77-83450
LC-OTTER-SAM-GAL-S21-FE-DEF-BLK,77-83949
LC-OTTER-SAM-GAL-S21-FE-COMM-BLK,77-84122
LC-OTTER-IPHONE-13-PROMAX-DEF-XT,77-84680
LC-OTTER-IPHONE-13-COMM-BLK,77-85414
LC-OTTER-IPAD-MINI-A17-PRO-DEF-BLK,77-87476
LC-OTTER-SAM-GAL-A53-COMM-BLK,77-87526
LC-OTTER-SAM-GAL-A53-DEF-BLK,77-87529
77-87714,77-87714
LC-OTTER-IPHONE-14-DEF-BLK,77-88373
LC-OTTER-IPHONE-13-DEF-BLK,77-88685
LC-OTTER-IPHONE-14-COMM-BLK,77-89634
LC-OTTER-IPAD-10TH-GEN-DEF-BLK,77-89953
LC-OTTER-IPAD-10TH-GEN-DEF-BLK,77-89953
LC-OTTER-IPAD-11TH-GEN-A16-DEF-BLK,77-89953
LC-OTTER-IPAD-10TH GEN-GREY,77-90368
LC-OTTER-SAM-GAL-S23+DEF-BLK,77-91027
LC-OTTER-SAM-GAL-S23-DEF-BLK,77-91036
LC-OTTER-SAM-GAL-S23-ULTRA-DEF-BLK,77-91055
LC-OTTER-SAM-GAL-S23+COMM-BLK,77-91074
LC-OTTER-SAM-GAL-S23-COMM-BLK,77-91090
LC-OTTER-SAM-GAL-S23-ULTRA-COMM-BLK,77-91106
SCREEN-SAM-GAL-S23+,77-91265
SCREEN-SAM-GAL-S23,77-91267
SCREEN-SAM-GAL-S23-ULTRA,77-91269
77-92004,77-92004
LC-OTTER-SAM-GAL-A54-COMM-BLK,77-92026
LC-OTTER-SAM-GAL-A54-DEF-BLK,77-92031
LC-OTTER-IPHONE-16e-DEF-BLK,77-92554
LC-OTTER-IPHONE-17e-COMM-BLK,77-92605
LC-OTTER-IPHONE-16e-COMM-BLK,77-92605
LC-OTTER-IPHONE-17e-DEF-BLK,77-92732
LC-OTTER-IPHONE-16E-DEF-PRO-BLK,77-92732
LC-OTTER-SAM-GAL-S23-FE-DEF-BLK,77-94283
LC-OTTER-SAM-GAL-S24-DEF-BLK,77-94478
LC-OTTER-SAM-GAL-S24+DEF-BLK,77-94485
LC-OTTER-SAM-GAL-S24-ULTRA-DEF-BLK,77-94492
LC-OTTER-SAM-GAL-S24-COMM-BLK,77-94498
LC-OTTER-SAM-GAL-S24+COMM-BLK,77-94508
LC-OTTER-SAM-GAL-S24-ULTRA-COMM-BLK,77-94518
LC-OTTER-SAM-GAL-S23-FE-SYMM-BLK,77-94858
LC-OTTER-IPAD-AIR-11-M4-DEF-BLK,77-95220
LC-OTTER-IPAD-AIR11-DEF-BLK,77-95220
LC-OTTER-IPAD-AIR-13-M3-GEN-DEF-BLK,77-95226
LC-OTTER-IPAD-PRO-13-M5-DEF-BLK,77-95232
LC-OTTER-IPAD-PRO13-DEF-BLK,77-95232
LC-OTTER-IPAD-PRO-11-M5-DEF-BLK,77-95237
LC-OTTER-IPAD-PRO11-DEF-BLK,77-95237
SCREEN-OTTER-IPAD-PRO-13-M5,77-95290
77-95507-S25,77-95507-S25
LC-OTTER-IPHONE-16-PLUS-COMM-BLK,77-95825
LC-OTTER-IPHONE-16-COMM-BLK,77-95838
LC-OTTER-IPHONE-16-PRO-COMM-BLK,77-95851
LC-OTTER-IPHONE-16-PRO-MAX-COMM-BLK,77-95864
LC-OTTER-IPHONE-16-PLUS-DEF-BLK,77-96002
LC-OTTER-IPHONE-16-DEF-BLK,77-96013
LC-OTTER-IPHONE-16-PRO-DEF-BLK,77-96024
LC-OTTER-IPHONE-16-PRO-MAX-DEF-BLK,77-96035
LC-OTTER-SAM-GAL-S24-FE-COMM-BLK,77-97069
LC-OTTER-SAM-GAL-S24-FE-SYMM-BLK,77-97071
LC-OTTER-SAM-GAL-S24-FE-DEF-BLK,77-97323
LC-OTTER-SAM-DEF-S24FE-INACTIVE,77-97323
LC-OTTER-SAM-GAL-S25-COMM-BLK,77-97365
LC-OTTER-SAM-GAL-S25+COMM-BLK,77-97426
LC-OTTER-SAM-GAL-S25-ULTRA-COMM-BLK,77-97487
LC-OTTER-SAM-GAL-S25-DEF-BLK,77-97556
LC-OTTER-SAM-GAL-S25+DEF-BLK,77-97561
LC-OTTER-SAM-GAL-S25-ULTRA-DEF-BLK,77-97566
LC-OTTER-SAM-GAL-S25-EDGE-REACT-CLR,77-98275
LC-OTTER-IPHONE-17-COMM-BLK,77-98294
LC-OTTER-IPHONE-AIR-COMM-BLK,77-98309
LC-OTTER-IPHONE-17-PRO-COMM-BLK,77-98323
LC-OTTER-IPHONE-17-PRO-MAX-COMM-BLK,77-98338
LC-OTTER-IPHONE-17-DEF-BLK,77-98404
LC-OTTER-IPHONE-AIR-DEF-BLK,77-98413
LC-OTTER-IPHONE-17-PRO-DEF-BLK,77-98421
LC-OTTER-IPHONE-17-PRO-MAX-DEF-BLK,77-98429
LC-OTTER-IPHONE-17-PRO-MAX-DEF-PRO-XT,77-98469
LC-OTTER-SAM-GAL-S25-FE-COMM-BLK,77-99246
LC-OTTER-SAM-GAL-S25-FE-DEF-BLK,77-99248
27-58221-W0119,77-99248
77-99493,77-99493
LC-OTTER-SAM-GAL-S26-COMM-BLK,77-99800
LC-OTTER-SAM-GAL-S26+COMM-BLK,77-99801
LC-OTTER-SAM-GAL-S26-ULTRA-COMM-BLK,77-99802
LC-OTTER-SAM-GAL-S26-DEF-BLK,77-99848
LC-OTTER-SAM-GAL-S26+DEF-BLK,77-99849
LC-OTTER-SAM-GAL-S26-ULTRA-DEF-BLK,77-99850
216875-01-BOEING,77P35AA
216875-01-BOEING,77P35AA
216875-01-BOEING,77P35AA
216875-01-BOEING,77P35AA
Tone Commander 7810-TSG,7810-TSG
782981-01,782981-01
HW251NUSBQD-MOC-BOEING,78331-11
220484-01,783R8AA
220484-01,783R8AA
220484-01,783R8AA
220484-01,783R8AA
784190-01,784190-01
LC-OTTER-SAM-GAL-S7-HOLSTER-DEF,78-50864
78-52294,78-52294
LC-SAM-GAL-S7-ACTIVE-SPECK-CLR,78540-5085
78583-01,78583-01
HW720,78714-101
HW720,78714-101
HW720,78714-101
HW720,78714-101
HW720,78714-101
HW720,78714-101
AC-PC-APPLE-FC,78-80746
FAST-CHRG-PLUG-DUAL-PORT,78-81020
78-81477,78-81477
BOSE-QC-35-II,789564-0010
7899-823-109-BOEING,7899-823-109
7899-823-109-BOEING,7899-823-109
7899-823-109-BOEING,7899-823-109
EVOLVE 80 STEREO MS,7899-823-109
EVOLVE 80 STEREO MS,7899-823-109
EVOLVE 80 STEREO MS,7899-823-109
7899-829-209-BOEING,7899-829-209
"Evolve 80 UC Stereo, USB-C",7899-829-289
"Evolve 80 UC Stereo, USB-C",7899-829-289
"Evolve 80 UC Stereo, USB-C",7899-829-289
79414-01,79414-01
CP-7942G,7942G
.Audio 355,79730-21
.Audio 355,79730-21
GameCom 367,79732-01
VOYAGER 835,79763-01
VOYAGER PRO,79800-01
VOYAGER PRO,79800-01
BLACKWIRE C620-M,79930-41
USB-MALE-A-MINI-B,7GUK
D8W-87-7,8 COND 7'
D8W-87-7,8 COND 7'
8.06.02,8.06.02
8.08.00,8.08.00
80.030-GQ-WH,80.030-GQ-WH
80-063-200,80-063-200
800D-RGB-2,800D-RGB-2
801M,801M
SOFT101,801M
801ST,801ST
80287-01,80287-01
80287-01,80287-01
80287-01-BOEING,80287-01
80287-01-BOEING,80287-01
BLACKWIRE C210-M,80298-02
.AUDIO 630M,80299-01
BLACKWIRE C220-M,80299-02
802ST,802ST
80334-01,80334-01
808ST,808ST
809-001,809-001
.Audio 995,80930-01
.Audio 995,80930-01
.Audio 326,80933-11
.Audio 326,80933-11
.Audio 326,80933-11
.AUDIO 655 DSP,80935-21
.AUDIO 655 DSP,80935-21
809PPK-PB,809PPK-PB
8105-00-190-9824,8105-00-190-9824
M175,81083-01
M175,81083-01
M175,81083-01
M175,81083-01
M175,81083-01
M175,81083-01
BLACKWIRE C610-M,81272-41
81291-01,81291-01
81292-01,81292-01
81292-02,81292-02
81292-03,81292-03
81293-01,81293-01
HW251N/DA-M MOC-Boeing,81360-01
MCD 100-M USB,81402-01
81423-01,81423-01
GOLDSEAL-?8142X,8142X
.AUDIO 628,81960-11
WO101 MOC,82203-01
D400-M USB-A,8-221002-201
D400-M USB-A,8-221002-201
D400-M USB-A,8-221002-201
BLACKWIRE C420-M,82633-01
82783-01,82783-11
CALISTO P540-M,82783-11
APU-71,83018-11
83322-11,83322-11
83322-11,83322-11
83356-01,83356-01
83356-01,83356-01
83356-01,83356-01
W720,83544-01
W720,83544-01
W720,83544-01
W720-R,83544-01
W720-R,83544-01
8357T4,8357T4
8357T8,8357T8
M100,83600-01
M100,83600-01
83611-9023,83611-9023
CALISTO P820-M,83657-01
Calisto P830-M,83667-01
BACKBEAT 903+,83800-01
SAVOR M1100,84000-01
SAVOR M1100,84000-01
W740-M-INACTIVE-BOEING,84001-01
84001-01-BOEING,84001-01
84001-01-BOEING,84001-01
84001-01-BOEING,84001-01
84001-01-BOEING,84001-01
W730-M,84002-11
W730-M,84002-11
W730-M,84002-11
W730-M,84002-11
W730-M-BOEING,84002-11
W730-M-BOEING,84002-11
W730-M-BOEING,84002-11
84002-11-BOEING,84002-11
84002-11-BOEING,84002-11
84002-11-BOEING,84002-11
W720-M,84004-01
W720-M,84004-01
W720-M,84004-01
W720-M,84004-01
84004-01-BOEING,84004-01
84004-01-BOEING,84004-01
84004-01-BOEING,84004-01
84004-01-BOEING,84004-01
84004-01-BOEING,84004-01
W420-M,84008-01
8403 Desi Labels,8403 Desi Labels
8403B,8403B
8410 Desi Labels,8410 Desi Labels
VOYAGER PRO+,84100-01
84104-01,84104-01
84104-01,84104-01
8411D01B-003,8411D01B-003
8411D01B-003,8411D01B-003
8411D02A-003,8411D02A-003
DISCOVERY 975,84120-01
DISCOVERY 975,84120-01
Calisto P825-M,84261-01
84321-01,84321-01
84372-01,84372-01
84598-01,84598-01
84598-01,84598-01
84598-01,84598-01
84598-01,84598-01
84601-01,84601-01
84601-01,84601-01
84604-01,84604-01
84604-01,84604-01
84605-01,84605-01
84605-01,84605-01
84606-01,84606-01
84661-01,84661-01
CS510,84691-01
CS520,84692-01
CS520,84692-01
CS520,84692-01
CS520,84692-01
CS540,84693-01
CS540,84693-01
CS540,84693-01
CS540,84693-01
CS540,84693-01
CS540,84693-01
CS540,84693-01
8475-0126,8475-0126
BT300-M,85117-01
BT300-M,85117-01
BT300,85117-02
BT300,85117-02
BT300,85117-02
85298-01,85298-01
BLACKWIRE C310,85618-102
BLACKWIRE C320,85619-102
BLACKWIRE C320,85619-102
VOYAGER PRO HD,85690-01
VOYAGER PRO HD,85690-01
85R45AA,85R45AA
85R45AA,85R45AA
89034-01,85T36AA#ABA
89034-01,85T36AA#ABA
89034-01,85T36AA#ABA
86009-01,86009-01
86009-01,86009-01
86009-01,86009-01
MDA-SSP-AC,86079-01 & 92714-01 & 207414-03
BACKBEAT 216 WHITE,86110-01
BACKBEAT 216 WHITE,86110-01
BACKBEAT 216 BLACK,86110-11
BACKBEAT 216 BLACK,86110-11
861754-B21,861754-B21
861754-B21,861754-B21
86180-01,86180-01
86180-01,86180-01
86180-01,86180-01
8620T,8620T
M155,86230-01
M155,86230-01
CS530,86305-01
W745,86507-01
W745,86507-01
W745,86507-01
86540-01,86540-01
86540-01,86540-01
86540-01,86540-01
86540-01,86540-01
865408-B21,865408-B21
CALISTO P620,86700-01
CALISTO P620,86700-01
86700-01-BOEING,86700-01
86700-01-BOEING,86700-01
86700-01-BOEING,86700-01
86700-01-BOEING,86700-01
867093111009 / LCA3111,867093111009 / LCA3111
BACKBEAT GO,86800-01
HW261N-DC,86872-01
87229-01,87229-01
87229-01-BOEING,87229-01
87229-01-BOEING,87229-01
87229-01-BOEING,87229-01
87229-01-BOEING,87229-01
87229-01-BOEING,87229-01
87235-01,87235-01
87235-01,87235-01
872389-003,872389-003
LEGEND,87300-42
LEGEND,87300-42
LEGEND,87300-42
8734-599,8734-599
BLACKWIRE C710-M,87505-01
BLACKWIRE C710,87505-02
BLACKWIRE C720-M,87506-11
BLACKWIRE C720,87506-12
BLACKWIRE C720,87506-12
BLACKWIRE C720,87506-12
8764-00,8764-00
B235-EXECUTIVE-HEADSET-WIRELESS,87670-01
B235-M,87680-01
B235-M,87680-01
B235-M,87680-01
87680-01,87680-01
87680-01-BOEING,87680-01
87680-01-BOEING,87680-01
87680-01-BOEING,87680-01
878970-B21,878970-B21
8800-01-104,8800-01-104
BOSE-QT-CFT-ULT+AF,880066-0100/AirFly SE
M165,88120-42
88120-42-OLD,88120-42
88120-42-OLD,88120-42
88120-42-OLD,88120-42
88120-42-OLD,88120-42
M165,88120-42
88120-42-BOEING,88120-42
88120-42-BOEING,88120-42
88120-42-BOEING,88120-42
88120-42-BOEING,88120-42
8820B,8820B
883X400,883X400
Bose QuietComfort,884367-0100
BLACKWIRE C510,88860-01
BLACKWIRE C510,88860-01
BLACKWIRE C510,88860-01
BLACKWIRE C510-M-BOEING,88860-02
BLACKWIRE C510-M-BOEING,88860-02
BLACKWIRE C510-M-BOEING,88860-02
BLACKWIRE C510-M-BOEING-NEW,88860-02
BLACKWIRE C510-M-BOEING-NEW,88860-02
BLACKWIRE C520,88861-01
BLACKWIRE C520,88861-01
BLACKWIRE C520-M-INACTIVE-BOEING,88861-02
BLACKWIRE C520-M-INACTIVE-BOEING,88861-02
BLACKWIRE C520-M-BOEING,88861-02
BLACKWIRE C520-M-BOEING,88861-02
BLACKWIRE C520-M-BOEING,88861-02
VOYAGER LEGEND CS,88863-01
VOYAGER LEGEND CS,88863-01
Bose QuietComfort Ultra,890101-0100
89031-01,89031-01
89031-01,89031-01
89032-01,89032-01
89033-01,89033-01
89036-01,89036-01
89036-01,89036-01
89037-01,89037-01
89037-01,89037-01
89037-01,89037-01
89037-01,89037-01
89037-01,89037-01
89037-02,89037-02
89037-02,89037-02
89037-02,89037-02
89037-02,89037-02
89037-02,89037-02
89037-02,89037-02
89037-03,89037-03
89037-03,89037-03
89037-03,89037-03
8903LO40V04,8903LO40V04
89107-01,89107-01
T505,89149N
T505,89149N
EQ7,89243N
H390,89287/SYN2644
H390,89287/SYN2644
MOTOROKR S305,89335N
T325,89345N
H720,89382N
H17,89425P/89424N
H17,89425P/89424N
H17,89425P/89424N
89433-01-BOEING,89433-01
89433-01-BOEING,89433-01
89433-01-BOEING,89433-01
89433-01-BOEING,89433-01
89433-01-BOEING,89433-01
89433-01-BOEING,89433-01
89433-01-BOEING,89433-01
89433-01-BOEING-MEMBER,89433-01
89433-01-BOEING-MEMBER,89433-01
89433-01-BOEING-MEMBER,89433-01
89433-01-BOEING-MEMBER,89433-01
89433-01-BOEING-MEMBER,89433-01
89433-01-BOEING-MEMBER,89433-01
89433-01-BOEING-MEMBER,89433-01
HW520-BINAURAL HEADSET,89434-01
HW520-BINAURAL HEADSET,89434-01
89434-01-BOEING,89434-01
89434-01-BOEING,89434-01
89434-01-BOEING,89434-01
89434-01-BOEING,89434-01
89434-01-BOEING,89434-01
89434-01-BOEING,89434-01
89434-01-BOEING,89434-01
89434-01-BOEING-MEMBER,89434-01
89434-01-BOEING-MEMBER,89434-01
89434-01-BOEING-MEMBER,89434-01
89434-01-BOEING-MEMBER,89434-01
89434-01-BOEING-MEMBER,89434-01
89434-01-BOEING-MEMBER,89434-01
89434-01-BOEING-MEMBER,89434-01
HW510V,89435-01
HW510V,89435-01
HW510V,89435-01
HW510V,89435-01
HW510V,89435-01
HW510V,89435-01
MOTOROKR S10HD,89439N
ELITE SLIVER,89503N
ELITE FLIP,89504N
ELITE FLIP,89504N
ELITE FLIP,89504N
H19TXT,89569N
H19TXT,89569N
H19TXT,89569N
H19TXT,89569N
H19TXT,89569N
TX550,89589N
PULSE-WIRELESS-STEREO-BLK,89820N
VOYAGER SURROUND 85 UC,8G7T8AA
VOYAGER SURROUND 85 UC,8G7T8AA
VOYAGER SURROUND 85 UC,8G7T8AA
VOYAGER SURROUND 85 UC,8G7T8AA
Voyager Surround 80 UC,8G7T9AA
Voyager Surround 80 UC,8G7T9AA
Voyager Surround 80 UC,8G7T9AA
Voyager Surround 80 UC,8G7T9AA
Voyager Surround 80 UC,8G7T9AA
Voyager Surround 80 UC,8G7T9AA
8KD8-0983-0500 ASSY,8KD8-0983-0500 ASSY
8KD9-0984-0500,8KD9-0984-0500
8KD9-0984-0500 ASSY,8KD9-0984-0500 ASSY
S8420-M-BOEING,8L7F5AA#ABA
S8420-M-BOEING,8L7F5AA#ABA
S8420-M-BOEING,8L7F5AA#ABA
S8420-M-BOEING,8L7F5AA#ABA
S8420-M-BOEING,8L7F5AA#ABA
BLACKWIRE 8225-THD,8X223AA
BLACKWIRE 8225-THD,8X223AA
BLACKWIRE 8225-THD,8X223AA
BLACKWIRE 8225-THD,8X223AA
Blackwire 8225-M+USB-C/A,8X225AA
Blackwire 8225-M+USB-C/A,8X225AA
Blackwire 8225-M+USB-C/A,8X225AA
Blackwire 8225-M+USB-C/A,8X225AA
Blackwire C3220 USB-C/A-BOEING,8X228AA
Blackwire C3220 USB-C/A-BOEING,8X228AA
BLKWIRE5210-BOEING,8X230AA
BLKWIRE5210-BOEING,8X230AA
BLKWIRE5210-BOEING,8X230AA
BLKWIRE5210-BOEING,8X230AA
BLKWIRE5210-BOEING,8X230AA
BLKWIRE5220-BOEING,8X231AA
BLKWIRE5220-BOEING,8X231AA
BLKWIRE5220-BOEING,8X231AA
BLKWIRE5220-BOEING,8X231AA
BLKWIRE5220-BOEING,8X231AA
207576-01-THD,8X231AA
207576-01-THD,8X231AA
207576-01-THD,8X231AA
207576-01-THD,8X231AA
207576-01-THD,8X231AA
8YWH3,8YWH3
NWR-DIM-480-LED-KIT,90090677@@##1
LC-GALAXY-S8-SPECK-PRESIDIO-BLK,90252-1050
9036-Pi5-16GB,9036-Pi5-16GB
9050LE3,9050LE3
LC-IPAD-2017-9.7-SPECK-FOLIO-BLUE,90914-5633
LC-IPAD-2017-9.7-SPECK-FOLIO-BLK,90914-B565
90MC05G0-M0EAY0,90MC05G0-M0EAY0
910-001350,910-001350
910-001439,910-001439
910-001799,910-001799
910-001822,910-001822
910-001882,910-001882
LOGITECH M325 MOUSE,910-002974
910-003416,910-003416
910-003971,910-003971
910-004790,910-004790
910-005132,910-005132
910-005177,910-005177
910-005869,910-005869
910-006466,910-006466
910-006466,910-006466
920-007119,920-007119
920-007119,920-007119
KEYBOARD-ZAGG-PRO10.5,920-008420
KEYBOARD-ZAGG-PRO10.5,920-008420
920-009017,920-009017
920-009040,920-009040
920-009166,920-009166
920-009608,920-009608
920-009782,920-009782
920-012659,920-012659
9200-12-G,9200-12-G
9200-25-B,9200-25-B
9200-25-C,9200-25-C
9200-25-D,9200-25-D
9200-6-D,9200-6-D
SCREEN-PROTECTOR-5PK,9206201/9000207
SCREEN-PROTECTOR-5PK,9206201/9000207
SHR 2072-01,92072-01
92626-13,92626-13
SHR2638-01,92638-01
SHR2638-01,92638-01
SHR 2639-01,92639-01
SHS2648-01,92648-01
930-65-503-105,930-65-503-105
930-65-503-105-BOEING,930-65-503-105
930-65-503-105-BOEING,930-65-503-105
930-65-503-105-BOEING,930-65-503-105
9556-583-125-KNDRYL,9556-583-125
9556-583-125-KNDRYL,9556-583-125
960-000240,960-000240
LOGITECH C270-WEBCAM-PCONLY,960-000694
LOGITECH C270-WEBCAM-PCONLY,960-000694
LOGITECH B525-WEBCAM-PC&MAC,960-000841
LOGITECH B525-WEBCAM-PC&MAC,960-000841
960-000866,960-000866
LOGITECH-BCC950,960-000866
LOGITECH C930E,960-000971
LOGITECH C930E,960-000971
960-000982,960-000982
960-000982,960-000982
960-001201,960-001201
960-001384,960-001384
961464-0403-OLD,961464-0403
961464-0403-STOCK,961464-0403/L23-7210
961464-0403-STOCK,961464-0403/L23-7210
963290-0403,963290-0403
963290-0403,963290-0403
97000-VERB,97000-
97000-VER-50,97000-VER-50
970264-0403,970264-0403
978-0-87553-287-5,978-0-87553-287-5
980-000028,980-000028
980-000402,980-000402
980-000741,980-000741
980-000797,980-000797
980186-0403,980186-0403
980356-0403-OLD,980356-0403
980356-0403-OLD,980356-0403
98-0440-5053-6,98-0440-5053-6
981-000014,981-000014
981-000014,981-000014
981-000014,981-000014
981-000018,981-000018
981-000018,981-000018
H820E-DUO-LOGITECH,981-000516
981-000516,981-000516
H820E-DUO,981-000516
WTY-H820E-DUO-BOEING ONLY,981-000516
H650e Stereo USB Headset,981-000518
981-000574,981-000574
981-000574,981-000574
981-000574,981-000574
981-000574,981-000574
981-001457-BOEING,981-001457
981-001457-BOEING,981-001457
9839B001,9839B001
988-000069,988-000069
988-000069,988-000069
988-000089,988-000089
988-000100,988-000100
989-000405,989-000405
989-000405,989-000405
989-000405,989-000405
997-5602-00,997-5602-00
VIVE Focus 3 Charging Case,99H20712-00
VIVE Streaming Cable,99H20712-00
99HANW001-00,99HANW001-00
Focus2-M USB-C/A-BOEING,9T9J6AA#AC3
Focus2-M USB-C/A-BOEING,9T9J6AA#AC3
Focus2-M USB-C/A-BOEING,9T9J6AA#AC3
Focus2-M USB-C/A-BOEING,9T9J6AA#AC3
Focus2-M USB-C/A-BOEING,9T9J6AA#AC3
A000057,A000057
A0336163N,A0336163N
A0367335,A0367335
STYLUS-CODI-U,A09008
CODi-SCREEN-IPAD-PRO-11,A09128PRV
A13-1,A13-1
a18042500ux0167,a18042500ux0167
A2147,A2147
PC-DUAL PORT-ANK,A2212011
A25-3PL256-1000,A25-3PL256-1000
AG-FTS-USB-3.0-1TB-HDD,A25-3PL256-1000F
A25-3PL256-S8000,A25-3PL256-S8000
A3919011,A3919011
A3VU230,A3VU230
A3VU330,A3VU330
A3VU430,A3VU430
POWERSHOT A480-OLD,A480
A7516011,A7516011
A8000-100PAS,A8000-100PAS
A8163G11,A8163G11
A8346,A8346
A83800A1,A83800A1
A8385,A8385
A8553,A8553
A90H1,A90H1
A9772288,A9772288
KEYBOARD-ZAGG-IPAD-AIR-2,A97RGK-BB0
KEYBOARD-ZAGG-IPAD-9.7,A97RGK-BB0
KEYBOARD-ZAGG-IPAD-PRO-9.7,A97RGK-BB0
KEYBOARD-ZAGG-IPAD-11,A97RGK-BB0
ADAPT-SAM-S20-3.5MM-OEM,AAET503CBEBSTD
A-ATTCINGFLIP4HDL,A-ATTCINGFLIP4HDL
AB-018,AB-018
AB1C-323,AB1C-323
CL-SAM-T819-STD-OEM-U,AB603443CABSTD
CL-SAM-T819-STD-OEM-U,AB603443CABSTD
CL-SAM-T819-STD-OEM-U,AB603443CABSTD
CL-SAM-RUGBY2-A847-STD-OEM,AB663450BABSTD
CL-SAM-RUGBY2-A847-STD-OEM,AB663450BABSTD
CL-SAM-RUGBY2-A847-STD-OEM,AB663450BABSTD
CL-SAM-RUGBY2-A847-STD-OEM,AB663450BABSTD
CL-SAM-U640-STD-OEM,AB663450GZBSTD
CL-SAM-U640-STD-OEM,AB663450GZBSTD
AC-100B,AC-100B
AC-201-OLD,AC-201
AC-204,AC-204
AC-204,AC-204
AC3-10,AC3-10
AC3-15,AC3-15
AC3-3,AC3-3
AC3-5,AC3-5
AC3-7,AC3-7
AC-401,AC-401
AC-5002,AC-5002
AC511M,AC511M
AC511M,AC511M
ACANT61855K1,ACANT61855K1
LC-BLKBRY-8900-SW,ACC-18960-301/HDW-18960-001
LC-BLKBRY-8900-SW,ACC-18960-301/HDW-18960-001
LC-BLKBRY-8900-SW,ACC-18960-301/HDW-18960-001
LC-BLKBRY-8900-SW,ACC-18960-301/HDW-18960-001
HS-500,ACC-23439-001
LC-BLKBRY-9800-SW,ACC-32837-301/HDW-42814-001/HDW-31012-001
LC-BLKBRY-9800-SW,ACC-32837-301/HDW-42814-001/HDW-31012-001
LC-BLKBRY-9800-SW,ACC-32837-301/HDW-42814-001/HDW-31012-001
LC-BLKBRY-9800-SW,ACC-32837-301/HDW-42814-001/HDW-31012-001
LC-BLKBRY-9800-SW,ACC-32837-301/HDW-42814-001/HDW-31012-001
LC-BLKBRY-9800-SW,ACC-32837-301/HDW-42814-001/HDW-31012-001
LC-BLKBRY-9800-SW,ACC-32837-301/HDW-42814-001/HDW-31012-001
BLKBRY-BATCHR-9860-U,ACC-38580-301
LC-BLKBRY-9900-POUCH-OEM-U,ACC-38857-301
LC-BLKBRY-SKIN-9900-BLK-U,ACC-38874-301
LC-BLKBRY-9860-SW-U,ACC-38960-301
LC-BLKBRY-9860-SW-U,ACC-38960-301
LC-BLKBRY-9860-SW-U,ACC-38960-301
LC-BLKBRY-9860-POUCH-OEM-U,ACC-38962-301
LC-BLKBRY-9860-POUCH-OEM-U,ACC-38962-301
LC-BLKBRY-9860-POUCH-OEM-U,ACC-38962-301
LC-BLKBRY-SKIN-9860-BLK-U,ACC-38964-301
LC-BLKBRY-SKIN-9860-BLK-U,ACC-38964-301
LC-BLKBRY-9350-SW-U,ACC-39401-301
LC-BLKBRY-9350-SW-U,ACC-39401-301
LC-BLKBRY-9350-SW-U,ACC-39401-301
LC-BLKBRY-9350-SW-U,ACC-39401-301
LC-BLKBRY-SKIN-9350-BLK,ACC-39406-301
LC-BLKBRY-SKIN-9350-BLK,ACC-39406-301
LC-BLKBRY-SKIN-9350-BLK,ACC-39406-301
LC-BLKBRY-SKIN-9350-BLK,ACC-39406-301
BLKBRY-CHRGPOD-9860-U,ACC-39451-301
BLKBRY-CHRGPOD-9900-U,ACC-39455-301
BLKBRY-CHRGPOD-9900-U,ACC-39455-301
CL-BLKBRY-9360-STD-OEM-U,ACC-39508-301
CL-BLKBRY-9360-STD-OEM-U,ACC-39508-301
CL-BLKBRY-9360-STD-OEM-U,ACC-39508-301
CL-BLKBRY-9360-STD-OEM-U,ACC-39508-301
BLKBRY-MICRO-HDMI-U,ACC-40486-301
CL-BLKBRY-9900-STD-OEM-U,ACC-40871-301
CL-BLKBRY-9900-STD-OEM-U,ACC-40871-301
CL-BLKBRY-9900-STD-OEM-U,ACC-40871-301
CL-BLKBRY-9900-STD-OEM-U,ACC-40871-301
LC-BLKBRY-9360-POUCH-OEM-U,ACC-43296-301
LC-BLKBRY-9360-POUCH-OEM-U,ACC-43296-301
LC-BLKBRY-9360-POUCH-OEM-U,ACC-43296-301
LC-BLKBRY-9360-POUCH-OEM-U,ACC-43296-301
LC-BLKBRY-9360-POUCH-OEM-U,ACC-43296-301
PC-BLKBRY-MICROUSB-OEM-U,ACC-48157-001/ASY-18083-001
PC-BLKBRY-MICROUSB-OEM-U,ACC-48157-001/ASY-18083-001
PC-BLKBRY-MICROUSB-OEM-U,ACC-48157-001/ASY-18083-001
LC-BLKBRY-Z10-SW,ACC-49273-301
LC-BLKBRY-Z10-SW,ACC-49273-301
LC-BLKBRY-Z10-SW,ACC-49273-301
LC-BLKBRY-Z10-SW,ACC-49273-301
LC-BLKBRY-Z10-SW,ACC-49273-301
LC-BLKBRY-Z10-POUCH,ACC-49276-301
LC-BLKBRY-Z10-FLIP,ACC-49284-301
LC-BLKBRY-Z10-FLIP,ACC-49284-301
LC-BLKBRY-Z10-FLIP,ACC-49284-301
LC-BLKBRY-SHELL-Z10-BLK,ACC-49533-301
BLKBRY-BATCHR-Z10,ACC-50256-301
BLKBRY-BATCHR-Z10,ACC-50256-301
BLKBRY-BATCHR-Z10,ACC-50256-301
BLKBRY-BATCHR-Z10,ACC-50256-301
LC-BLKBRY-Q10-SW,ACC-50879-301
LC-BLKBRY-Q10-SW,ACC-50879-301
BLKBRY-BATCHR-Q10,ACC-53185-301
BLKBRY-BATCHR-Q10,ACC-53185-301
CL-BLKBRY-Q10-STD-OEM,ACC-53785-301
CL-BLKBRY-Q10-STD-OEM,ACC-53785-301
CL-BLKBRY-Q10-STD-OEM,ACC-53785-301
CL-BLKBRY-Q10-STD-OEM,ACC-53785-301
LC-BLKBRY-Z30-SHELL,ACC-57195-001
LC-BLKBRY-Z30-POUCH,ACC-57196-001
LC-BLKBRY-Z30-SW,ACC-57199-001
LC-BLKBRY-Z30-SW,ACC-57199-001
LC-BLKBRY-Z30-SW,ACC-57199-001
SCREEN-PROTECT-BLKBRY-Z30,ACC-57200-001
LC-BLKBRY-Z30-FLIP,ACC-57201-001
LC-BLKBRY-PASSPORT-FLIP,ACC-59524-001
AC-ONLY-BLKBRY-MICRO-W/USB-U,ACC-59824-001/ACC-33396-301
AC-ONLY-BLKBRY-MICRO-W/USB-U,ACC-59824-001/ACC-33396-301
AC-ONLY-BLKBRY-MICRO-W/USB-U,ACC-59824-001/ACC-33396-301
LC-BLKBRY-SHELL-CLASSIC-CLEAR,ACC-60086-002
LC-BLKBRY-SHELL-CLASSIC-BLUE,ACC-60086-003
LC-BLKBRY-CLASSIC-POUCH,ACC-60087-001
LC-BLKBRY-CLASSIC-SW,ACC-60088-001
LC-BLKBRY-CLASSIC-SW,ACC-60088-001
LC-BLKBRY-CLASSIC-SW,ACC-60088-001
BLKBRY-SYNCPOD-PASSPORT,ACC-60407-001
BLKBRY-SYNCPOD-CLASSIC,ACC-60460-001
BLKBRY-SYNCPOD-CLASSIC,ACC-60460-001
LC-BLKBRY-PASSPORT-SW,ACC-60757-001
HDST-BLKBRY-9700-STERO-U,ACC-62176-001/ACC-52931-001/HDW-15766-005
HDST-BLKBRY-9700-STERO-U,ACC-62176-001/ACC-52931-001/HDW-15766-005
HDST-BLKBRY-9700-STERO-U,ACC-62176-001/ACC-52931-001/HDW-15766-005
HDST-BLKBRY-9700-STERO-U,ACC-62176-001/ACC-52931-001/HDW-15766-005
HDST-BLKBRY-9700-STERO-U,ACC-62176-001/ACC-52931-001/HDW-15766-005
HDST-BLKBRY-9700-STERO-U,ACC-62176-001/ACC-52931-001/HDW-15766-005
ACM-6004,ACM-6004
ACM-6004,ACM-6004
ACM-6004,ACM-6004
ACM-6005,ACM-6005
ACM-7002,ACM7002
ACM-70B,ACM-70B
ACM-70B,ACM-70B
ACM-70B,ACM-70B
ACM-90B,ACM-90B
LC-SPIGEN-ARMOR-SAM-S20,ACS00658
LC-SPIGEN-ARMOR-IPHONE-12-PRO-MAX,ACS01479
LC-SPIGEN-ARMOR-IPHONE-12,ACS01523
LC-SPIGEN-IPHONE-12-CLEAR,ACS01702
LC-SPIGEN-ARMOR-SAM-S20-FE,ACS01847
LC-SPIGEN-ARMOR-SAM-S20-FE,ACS01847
ACS01848,ACS01848
LC-SPIGEN-ARMOR-SAM-S21-FE,ACS03059
LC-SPIGEN-ARMOR-IPHONE-13-PRO-MAX,ACS03222
LC-SPIGEN-ARMOR-IPHONE-13-PRO,ACS03277
LC-SPIGEN-ARMOR-IPHONE-13-MINI,ACS03331
LC-SPIGEN-ARMOR-IPHONE-13,ACS03518
LC-SPIGEN-ARMOR-IPHONE-14,ACS03518
LC-SPIGEN-ARMOR-SAM-GAL-A53,ACS04159
LC-SPIGEN-IPHONE-14-CLR,ACS05040
LC-SPIGEN-ARMOR-SAM-GAL-S23-ULTRA,ACS05613
LC-SPIGEN-ARMOR-SAM-GAL-S23+,ACS05665
LC-SPIGEN-ARMOR-SAM-GAL-S23,ACS05711
LC-SPIGEN-LIQUID-SAM-GAL-A54,ACS05885
LC-SPIGEN-ARMOR-SAM-GAL-A54,ACS05885
LC-SAM-S23-FE-SPIGEN-THIN,ACS06363
LC-SPIGEN-ARMOR-SAM-GAL-S23-FE-OLD,ACS06364
LC-SPIGEN-ARMOR-SAM-GAL-S23-FE,ACS06376
LC-SPIGEN-ARMOR-SAM-GAL-S24-ULTRA,ACS07286
LC-SPIGEN-ARMOR-SAM-GAL-S24+,ACS07326
LC-SPIGEN-ARMOR-SAM-GAL-S24,ACS07346
LC-SPIGEN-ARMOR-IPHONE-16-PRO-MAX,ACS08013
LC-SPIGEN-ARMOR-IPHONE-16-PLUS,ACS08085
LC-SPIGEN-ARMOR-IPHONE-16-PRO,ACS08146
LC-SPIGEN-ARMOR-IPHONE-16-GM,ACS08215
LC-SPIGEN-ARMOR-IPHONE-16,ACS08216
LC-SPIGEN-ARMOR-SAM-GAL-S24-FE,ACS08578
LC-SPIGEN-ARMOR-SAM-GAL-S25-ULTRA,ACS08964
LC-SPIGEN-ARMOR-SAM-GAL-S25+,ACS08987
LC-SPIGEN-ARMOR-SAM-GAL-S25,ACS09009
LC-SPIGEN-ARMOR-IPHONE-17e,ACS09137
LC-SPIGEN-ARMOR-IPHONE-16e,ACS09137
LC-SPIGEN-ARMOR-SAM-GAL-S25-EDGE,ACS09422
LC-SPIGEN-ARMOR-IPHONE-17-PRO-MAX,ACS09897
LC-SPIGEN-ARMOR-IPHONE-AIR,ACS09928
LC-SPIGEN-ARMOR-IPHONE-17-PRO,ACS09950
LC-SPIGEN-ARMOR-IPHONE-17,ACS09984
LC-SPIGEN-ARMOR-SAM-GAL-S25-FE,ACS10029
LC-SPIGEN-ARMOR-SAM-GAL-S26-ULTRA,ACS11033
LC-SPIGEN-ARMOR-SAM-GAL-S26+,ACS11051
LC-SPIGEN-ARMOR-SAM-GAL-S26,ACS11062
AD1439,AD1439
AD1440,AD1440
AD1477,AD1477
AD1988,AD1988
AD2822,AD2822
ADAPT-GLUBEE-SAM,ADAPT-GLUBEE-SAM
B0CJ4RLRMZ,ADAPT-HIMAP-4PK
AD-FMCOMMS5-EBZ,AD-FMCOMMS5-EBZ
ADFMD-001,ADFMD-001
AD-OPENCOMM-USB-A,AD-OPENCOMM-USB-A
ADP138,ADP138
AE-711A,AE-711A
81002-Black,AEGIS-10-08 Black
AFAEM-001,AFAEM-001
AFSBlue2FT,AFSBlue2FT
AFSBTNew2,AFSBTNew2
AG180,AG180
AG230W9B,AG230W9B
AGBAG-002,AGBAG-002
SCREEN-IPAD-MINI-A17-PRO,AGL03824
AH-150-BLK-15,AH-150-BLK
AH-150-BLK-25,AH-150-BLK
AH-150-BLK,AH-150-BLK
CL-MYCHARGE-ADV-H20,AHC20G-A
LC-IPAD3-MARWARE-CEO-FOLIO-BLK,AHHB11
LC-IPAD3-MARWARE-CEO-FOLIO-BROWN,AHHB16
LC-IPAD3-MARWARE-CEO-HYBRID,AHHB1P
AH-LAPTOPDESK,AH-LAPTOPDESK
Ailun_GlassSP_iPhone6.1_2020,Ailun_GlassSP_iPhone6.1_2020
AIRTAG-KEYCHN-BLK-2PK,AIRTAG-KEYCHN-BLK-2PK
Legend 50-M-Boeing,AJ8V4AA#AC3
Legend 50-M-Boeing,AJ8V4AA#AC3
Legend 50-M-Boeing,AJ8V4AA#AC3
Legend 50-M-Boeing,AJ8V4AA#AC3
AK-98ANWVM-UBA,AK-98ANWVM-UBA
AK-A83520A1,AK-A83520A1
AK-A8633021,AK-A8633021
AKB-212UB,AKB-212UB
AKD-M00606-M1EC-0000,AKD-M00606-M1EC-0000
AKD-P00606-NBEC-0000,AKD-P00606-NBEC-0000
AKPRONEW-BKCW-300000,AKPRONEW-BKCW-300000
LC-KYOCERA-DURAXE-POUCH,A-KYDuraXEHDL
OM1-LC-LC-SX-FS-1M-PVC,Ama
AMP 1445692-4,AMP 1445692-4
ANA1383H11,ANA1383H11
HUB-A2123,Anker
ANKER-A2667,ANKER-A2667
ANT-124-SMA-2PK,ANT-124-SMA-2PK
CL-MYCHARGE-HUB-ULTRA,AO10KF
AOC-U30AMAF-V0S-010,AOC-U30AMAF-V0S-010
AP15.6W9,AP15.6W9
AP-635-RW,AP-635-RW
AP-635-RW,AP-635-RW
AP9640,AP9640
APACHE-3800-O,APACHE 3800
AmScope-APC,APC
USB-SAM-RUGBY-A837,APCBS10UBEBSTD
APETOO-0001,APETOO-0001
LC-OTTER-IPHONE-4S-DEF-BLK-U,APL2I4SUN20E4OTRA
LC-OTTER-IPHONE-4S-DEF-BLK-U,APL2I4SUN20E4OTRA
LC-OTTER-IPHONE-4-DEFEND-BLK,APL2I4XXX20C4OTR
LC-OTTER-IPHONE-4-DEFEND-BLK,APL2I4XXX20C4OTR
LC-OTTER-DEFEND-IPAD,APL2IPAD120C4OTR
LC-OTTER-DEFEND-IPAD,APL2IPAD120C4OTR
LC-OTTER-IPAD-COMM,APL4IPAD120C4OTR
LC-OTTER-IPAD-COMM,APL4IPAD120C4OTR
LC-AMAZON-BLKBRY-PP-POUCH,A-PMPVERBBPEM
APZCS2103148,APZCS2103148
AQ-CASTERS,AQ-CASTERS
ARCBB200WDBL,ARCBB200WDBL
LC-POUCH-LARGE-U,ARI-UNI-PV-4
ASABA stand,ASABA stand
Rotary-640,ASABA stand
ASE-MC03,ASE-MC03
ASK3-1TB,ASK3-1TB
ASK3-NX-128GB,ASK3-NX-128GB
APPLE-PCL-ADPT-1STGEN-USB-C,ASKUBSKU
ASPB20KF,ASPB20KF
ASSD-3PL256-2TBF,ASSD-3PL256-2TBF
ASSET3G260V2,ASSET3G260V2
AST22,AST22
BLKBRY-BATCHR-U,ASY-12738-001
CL-BLKBRY-8800-STD-DOOR-BLK,ASY-14321-001
BLKBRY-CHRGPOD-8100-U,ASY-14396-001
BLKBRY-CHRGPOD-9000,ASY-14396-003
BLKBRY-CHRGPOD-9650-U,ASY-14396-010
BLKBRY-CHRGPOD-9650-U,ASY-14396-010
BLKBRY-CHRGPOD-9700,ASY-14396-011
BLKBRY-CHRGPOD-9700,ASY-14396-011
BLKBRY-CHRGPOD-9550-U,ASY-14396-012
BLKBRY-CHRGPOD-9800,ASY-14396-013
BLKBRY-CHRGPOD-9800,ASY-14396-013
BLKBRY-BATCHR-BOLD-9000,ASY-16223-001
BLKBRY-BATCHR-BOLD-9000,ASY-16223-001
CL-BLKBRY-9000-STD-DOOR-BLK,ASY-17443-001
CL-BLKBRY-9000-STD-DOOR-BLK,ASY-17443-001
AC-ONLY-RIM-MICRO-U,ASY-18078-001
AC-ONLY-INTL-9530-BLKBRY-U,ASY-18080-001
BLKBRY-BATCHR-9650-U,ASY-18976-002
BLKBRY-PLUG-NO-CABLE,ASY-24479-002
ATA186-I1-A,ATA186-I1-A
ATA-186-I1-A,ATA-186-I1-A
ATA191-K9-BOEING,ATA191-K9
ATG01,ATG01
ATG-100T,ATG-100T
AT-HEATSINK-M2SSD-5,AT-HEATSINK-M2SSD-5
ATOMNJAV01,ATOMNJAV01
ATOS Q (12M),ATOS Q (12M)
ATT1726,ATT1726
ATT1818,ATT1818
ATT210-BK,ATT210-BK
KVX 1A2,ATT-2851
ATT983-Stock,ATT983
ATT-CL2940,ATT-CL2940
ATT-ML17939,ATT-ML17939
AU-MMSA,AU-MMSA
AV10049-06,AV10049-06
AVE05699,AVE05699
AVE60505,AVE60505
AVEN17701,AVEN17701
AVERY-5698,AVERY-5698
AVX-MKE2 SET-4-US,AVX-MKE2 SET-4-US
3559,AWC10107-1000
AWH011US,AWH011US
AWUS036AC,AWUS036AC
AX101456,AX101456
AX102,AX102
AX102014,AX102014
AX102016,AX102016
AX102017,AX102017
AX102018,AX102018
AX102019,AX102019
AX102020,AX102020
AX102021,AX102021
AX102022,AX102022
AX102023,AX102023
AZ-HDMI14-BK-100FT,AZ-HDMI14-BK-100FT
KOSS-UR29,B0002BAU84
B002-DP2A2-N4,B002-DP2A2-N4
LC-LG-XPRESS-RUBBER,B0082C24F2
B009GUMDGO,B009GUMDGO
CD-R-FM-700,B00B4DFTLW
DVD-R-FM-4.7,B00B4DMSM0
B00J0X4B6W,B00J0X4B6W
MDR-CUSHIONS,B00M2EOUJ4
SCREEN-AMAZON-BLKBRY-PP,B00MTFTT4W
LC-SAM-GAL-POUCH-CARABINER-U,B011SWLKZC
LC-AMAZON-BLKBRY-PP-WALLET,B018VMM5UQ
BOSE-QC-35,B01E3SNO1G
LC-SAM-GAL-S7-ACTIVE-CIMO-TOUGH-GRAY,B01F6N9JF2
LC-SAM-GAL-S7-ACTIVE-SW,B01G9NB1H2
LC-SAM-GAL-S7-ONWAY-SIL-BLK,B01H7DYV7U
LC-SAM-GAL-KUTECK-POUCH-U,B01HN2WK6E
LC-KYOC-DURAXE-SW,B01IITK9LE
B01M1V9XWS,B01M1V9XWS
B030B-3M*2,B030B-3M*2
LC-IPAD-2017-9.7-ATiC-SKIN-CLR,B06XTQCLWV
LC-IPAD-2017-9.7-GOOOA-NAVY,B07258BYCG
B075PTQ4NH,B075PTQ4NH
B07G444XKW,B07G444XKW
DUAL-ADAPT-APPLE-LIGHTNING-3.5MM,B07GZQ5YZY
ADAPT-USB-C-3.5MM,B07S7SX7FV
SCREEN-GLASS-APARIN-IPAD,B07TCT1BB9
LC-FH-IPHONE11,B07Y2SZ794
DUAL-ADAPT-CS-LIGHTNING-3.5MM,B081JJZB17
B0829S6K1X,B0829S6K1X
SCREEN-LK-SAM-S20,B082QVC2FZ
LC-ARMORSUIT-SAM-S20,B084R92LBQ
B086B-011B,B086B-011B
USB-A-A-Male,B08DK8RPRW
SCREEN-LK-SAM-S20FE,B08JJ48TMK
LC-LEYI-SAM-S20FE,B08JV83V9Z
LC-ZAND-SAM-S20FE,B08KTN2D6B
LC-NZND-SAM-S20FE,B08KYKKV6G
LC-HIDAHE-SAM-S20FE,B08MB5KTD7
LC-AICASE-SAM-S20FE,B08NJ4JQFF
LC-HATOSHI-SAM-S20FE,B08NJTF8XJ
B08PB9TFCX,B08PB9TFCX
LC-TIAN-S20-FE-BLK,B08PY26YT8
SCREEN-GLASS-JEMENG-IPAD,B08SWFCHMQ
B0957BBPBW,B0957BBPBW
LC-DRLMN-IPHONE-SE-GREEN,B0CXXGHGVW
LC-IPAD-11-M5-MECB,B0DL9YW1PX
LC-SUPFINE-IPHONE-16E-BLK,B0DW92LBH6
B104-CABLE,B104
B118-002-HDR-V2,B118-002-HDR-V2
B127A1A1BDBD,B127A1A1BDBD
B-1540,B-1540
B250-XT,B250-XT
B310-XEROX,B310/DNI
CL-SAM-GAL-MEGA-STD-OEM,B700BE / B700BU / B700BC
B81G6011,B81G6011
SY20-M+ USB-C/A-BOEING,B95VLAA#AC3
SY20-M+ USB-C/A-BOEING,B95VLAA#AC3
SY20-M+ USB-C/A-BOEING,B95VLAA#AC3
SY20-M+ USB-C/A-BOEING,B95VLAA#AC3
SY20-M+ USB-C/A-BOEING,B95VLAA#AC3
SY20-M+ USB-C/A-BOEING,B95VLAA#AC3
SY20-M+ USB-C/A-BOEING,B95VLAA#AC3
BA832,BA832
BAB3040H,BAB3040H
BACSWAY1,BACSWAY1
CL-BLKBRY-9900-EXT-W/DOOR-U,BACY30BB9900-BK
CL-SAM-GALAXY-S3-EXT-W/DOOR,BACY35SSGS3-BK
CL-SAM-GALAXY-NOTE2-EXT-W/DOOR,BACY45SSGT2-GY
CL-SAM-GALAXY-NOTE-EXT-W/DOOR,BACY50SSGNTA-BK
BADGE-REEL-3B,BADGE-REEL-3B
BAS70LT1G,BAS70LT1G
CL-BLKBRY-8530-EXT-U,BASI13BBX3S
CL-BLKBRY-8530-EXT-U,BASI13BBX3S
CL-BLKBRY-8800-EXT-U,BASI16BBX2S
CL-BLKBRY-9630-EXT-U,BASI17BBX6
CL-BLKBRY-9630-EXT-U,BASI17BBX6
CL-BLKBRY-9100-STD-OEM-U,BAT-24387-003
CL-BLKBRY-9100-STD-OEM-U,BAT-24387-003
CL-BLKBRY-9800-STD-OEM,BAT-26483-003
CL-BLKBRY-9800-STD-OEM,BAT-26483-003
CL-BLKBRY-9800-STD-OEM,BAT-26483-003
CL-BLKBRY-9800-STD-OEM,BAT-26483-003
CL-BLKBRY-Z10-STD-OEM,BAT-47277-003/ACC-51546-301
CL-BLKBRY-Z10-STD-OEM,BAT-47277-003/ACC-51546-301
BATCHR-UNIVERSAL,BATCHR-UNIVERSAL
LC-BLKBRY-9300-INCIP-FEATH,BB-789
LC-BLKBRY-9800-PINK-INCIP-SNAP,BB-991
BC72083,BC72083
BC77799,BC77799
BC-BLKBC-NIL,BC-BLKBC-NIL
BC-HH003F,BC-HH003F
BC-HH006F,BC-HH006F
Raspberry-Pi-5-16GB,BCM2712
LC-BLKBRY-PASSPORT-COMBO,BD2-HR3BBPA-BK
LC-IPHONE4-CASE-HOL-SEIDIO,BD2-HR3IPH4P-BK
LC-IPHONE4-CASE-HOL-SEIDIO,BD2-HR3IPH4P-BK
CL-BLKBRY-Z10-SEIDIO-PRIME,BD2-PBG26BBZ10-BK
BDR-XS07UHD,BDR-XS07UHD
BE-GPS-2300,BE-GPS-2300
SCREEN-GLASS-SAM-S23-FE-BLU,BEGS23FEB
USB-3in1-CABLE,BELT-KV-ULC-ZEB-V2-NC
SCREEN-PAPER-M4-11,BELUS455
BE-MLFM,BE-MLFM
Black-ADHODVH01,Black-ADHODVH01
BLC-12IN,BLC-12IN
BLX24/PG58-H11,BLX24/PG58-H11
BLX24/PG58-H11,BLX24/PG58-H11
BLX24/PG58-H11,BLX24/PG58-H11
BLX24/PG58-H11,BLX24/PG58-H11
BL-222-MS,BLYNCUSB40S/BLYNCUSB30
BL-222-MS,BLYNCUSB40S/BLYNCUSB30
BN2-20A,BN2-20A
BOX4HDECP,BOX4HDECP
BP-196,BP-196
BP525-40.5,BP525-40.5
BP525-40.5,BP525-40.5
CL-NOK-6750-STD-OEM-U,BP-6MT
CL-NOK-6750-STD-OEM-U,BP-6MT
BPB006btBLK,BPB006btBLK
LC-BLKBRY-PASSPORT-TB-SW,B-PMPHozBBPHDL
BQC-XGE3000U1,BQC-XGE3000U1
BQC-XGV10WU/1,BQC-XGV10WU/1
BR1500G,BR1500G
BRACKET125PT,BRACKET125PT
BRH31M-NXLR4F,BRH31M-NXLR4F
BRXL-PT6U2VB,BRXL-PT6U2VB
KEYBOARD-BRYDGE-PRO9.7,BRY1011
bs20-576-576,bs20-576-576
SOUNDCLIP-CAR-KIT,BTCKSOUNDCLIP1VNV
CL-GZONE-ROCK-C731-STD-OEM,BTR731
CL-GZONE-ROCK-C731-STD-OEM,BTR731
CL-GZONE-ROCK-C731-STD-OEM,BTR731
CL-MC75A0-BAT,BTRY-MC7XEAB00
BTRY-MPP-EXT1-01,BTRY-MPP-EXT1-01
BTRY-RS51-4MA-01,BTRY-RS51-4MA-01
BTX4530,BTX 4530
BU-45X1-MS,BUSYLIGHT LYNC
BW906A,BW906A
BX1500M,BX1500M
BX8070110400,BX8070110400
SCREEN-ANTIGLARE-IPAD3,BZ-HAI3-0312
SCREEN-PROTECT-BB-9900-U,BZ-HB99-0811
SCREEN-PROTECT-SAM-GALAXYS3,BZ-HSG3-0412
SCREEN-PROTECT-IPAD-AIR-U,BZ-IGP5-0414
SCREEN-PROTECT-IPAD-AIR-U,BZ-IGP5-0414
SCREEN-PROTECT-1EA-U,BZ-UUSS-0312
C01B2AA#AC3-IBM,C01B2AA#AC3
C01B2AA#AC3-IBM,C01B2AA#AC3
C11CH25201,C11CH25201
C11CJ89201,C11CJ89201
"OpenComm2 UC, USB-A-BOEING",C120-AA-BK-US
"OpenComm2 UC, USB-C-BOEING",C120-AC-BK-US
OpenComm2 Std BT-BOEING,C120-AN-BK-US
C13S020A9991,C13S020A9991
C201,C201
zip-audio-pc2,C250-3660
C250-3660-OLD,C250-3660
C2G-50633,C2G-50633
C31-100,C31-100
LC-PELICAN-VOY-SAM-S8-ACTIVE,C33030-001A-BKBK
C410-BUNDLE-DM,C410-BUNDLE-DM
C5556-1M,C5556-1M
C6-100-GN-SHLD,C6-100-GN-SHLD
C6-100-RED-SHLD,C6-100-RED-SHLD
C6-10-GN-SHLD,C6-10-GN-SHLD
C6-10-RED-SHLD,C6-10-RED-SHLD
C620-AA-BK-US-BOEING,C620-AA-BK-US
C620-AC-BK-US-BOEING,C620-AC-BK-US
C6-50-GN-SHLD,C6-50-GN-SHLD
C6-50-RED-SHLD,C6-50-RED-SHLD
C6-7-GN-SHLD,C6-7-GN-SHLD
C6-7-RED-SHLD,C6-7-RED-SHLD
C7974A,C7974A
C7978A,C7978A
L1SPLAMP017,C91549
CANON 59112,C930-1268
CANON 59112,C930-1268
CANON 59112,C930-1268
C9500-4PTH-KIT,C9500-4PTH-KIT
C9500-4PTH-KIT,C9500-4PTH-KIT
CA3A-90RA-2M,CA3A-90RA-2M
CA900MM-2M,CA900MM-2M
LIGHTNING-USB-A-CABLE,CAA001BT1MBK
LIGHTNING-USB-A-CABLE,CAA001BT1MBK
CAA003bt1MBK,CAA003bt1MBK
LIGHTNING-USB-C-CABLE,CAA003BT1MWH
USB-TYPE-C-USBCABLE,CAB002BT1MBK
CAB003bt1MWH,CAB003bt1MWH
MICRO-USB-TYPE-A-USBCABLE,CAB005BT1MBK
CABLE-CARPLAY-IPHONE17,CABLE-CARPLAY-IPHONE17
CABLE-EXT-CREALITY,CABLE-EXT-CREALITY
APPLE-USBCABLE-U,CABLEMFIVNV/TACC-FME70GRAP1/K39252US/F8Z328-04-TES
CAB-USBC-AC-9M=,CAB-USBC-AC-9M=
Canon A590ISDO NOT USE,Canon A590IS
Canon A590ISDO NOT USE,Canon A590IS
Canon A650,Canon A650
Canon A650,Canon A650
CAPS360S,CAPS360S
CAPSSX540HSK,CAPSSX540HSK
CAU3AX-3M,CAU3AX-3M
CA-VM4RW,CA-VM4RW
LC-BLKBRY-Q10-SNAP,CB31BBQ10TX16/531703
LC-BLKBRY-Q10-SNAP,CB31BBQ10TX16/531703
LC-BLKBRY-Q10-SNAP,CB31BBQ10TX16/531703
LC-BLKBRY-Q10-SNAP,CB31BBQ10TX16/531703
LC-SAM-GALAXYS5-SNAP,CB31SSS5TX02
CBA-K01-S07PAR,CBA-K01-S07PAR
CBA-RF1-C09PAR,CBA-RF1-C09PAR
CBA-U01-S07ZAR,CBA-U01-S07ZAR
CBA-U42-S07PAR,CBA-U42-S07PAR
USB-AUKEY-HUB,CB-H32-USA
CB-HD20MDP12,CB-HD20MDP12
CB-ISA225-U3,CB-ISA225-U3
CBL0150,CBL0150
CBL3-SIO8BXS-STD3-DB25S,CBL3-SIO8BXS-STD3-DB25S
CBL-C61ES-BK-AM,CBL-C61ES-BK-AM
CBL-DC-388A1-01,CBL-DC-388A1-01
CBL-DC-451A1-01,CBL-DC-451A1-01
LC-IPHONE6S-SNAP-U,CBTS31AIP60202
LC-IPHONE6SPLUS-SNAP-U,CBTS31AIP6550202
CC-26,CC-26
CC58C-5,CC58C-5
CCB003BTBK,CCB003BTBK
CP-7937G,CC-CP-7937G REFURBISHED
CP-7937G-MIC-NEW,CC-CP-7937G-MIC-KIT NEW
CP-7937G-MIC,CC-CP-7937G-MIC-KIT REFURBISHED
CISCO-7941-REF,CC-CP-7941G-GE-R
CISCO-7941-REF,CC-CP-7941G-GE-R
CP-8831-MIC-WIRED,CC-CP-8831-MIC-N
CCTN58P-50B,CCTN58P-50B
CD1501B,CD1501B
CD4401B/37,CD4401B/37
CD4401B/37,CD4401B/37
B09J2CHN17,CD-INSERT-CLR
CDPVDHDMDPSG,CDPVDHDMDPSG
CDPVGDVHDMDP,CDPVGDVHDMDP
CDPVGDVHDMDP,CDPVGDVHDMDP
CDRMRED10110,CDRMRED10110
BLUELOUNGE-CABLEDROP-WHITE,CD-WH
CE-1212-4,CE-1212-4
CE-300-4002,CE-300-4002
CE-300-4002,CE-300-4002
CF281A,CF281A
CF-31 MK3,CF-31 MK3 Performance
CG4-00001,CG4-00001
ChatterVox Original Complete Plus,ChatterVox Original Complete Plus
CH-CS28P,CH-CS28P
CHDHX-901-XX,CHDHX-901-XX
CHDRB-901-XX,CHDRB-901-XX
CHELBARTYPEC,CHELBARTYPEC
CHELPD20WLGHT,CHELPD20WLGHT
C-HM-HM-FLAT-ETH-50,C-HM-HM-FLAT-ETH-50
CHSP-LB-BL-1PK,CHSP-LB-BL-1PK
CINEMAXP2B,CINEMAXP2B
CINSAAHA_X501,CINSAAHA_X501
SCREEN-PRIVACY-INCIP-IPAD-U,CL-472
LC-IPAD-AIR2-INCASE-BKJKT-SLIM-BLK,CL60597
LC-IPAD-MINI-INCASE-BKJKT-SLIM-BLK,CL60598
CLA7BT,CLA7BT
CLA7V2,CLA7V2
CL-BLKBRY-9900-DOOR-BLK-U,CL-BLKRY-9900-DOOR-BLK-U
PC-GZONE-ROCK-C731-OEM-U,CLC731
PC-GZONE-ROCK-C731-OEM-U,CLC731
CLCS-116BLACK,CLCS-116BLACK
CL-MYCHARGE-HUB-10050,CL-MYCHARGE-HUB-10050
LC-SAM-GALAXYS2-CM-TOUGH,CM014056
LC-IPHONE4-CM-BARELY-BLK,CM015546
LC-BLKBRY-9850-CM-TOUGH-BLK-U,CM016716
LC-APPLE-IPAD3-CM-TUXEDO-BLK,CM020235
LC-IPAD3-CM-TUX-BLK,CM020235
LC-IPHONE6-CM-TOUGH-BLK,CM031390
LC-SAM-GAL-S7-CM-TOUGH-BLK,CM033960
LC-SAM-GAL-S7-CM-BT-CLEAR,CM033966
LC-SAM-GAL-S7-ACTIVE-CM-TOUGH-BLK,CM034594
LC-SAM-GAL-S7-ACTIVE-CM-TOUGH-BLK,CM034594
CMO-GM-S-R-WL,CMO-GM-S-R-WL
CMS-105,CMS-105
CN538A,CN538A
CNE570587,CNE570587
Compressed Air Duster,Compressed Air Duster
CONVMBHS24K6G,CONVMBHS24K6G
CONVMBSH4K6G,CONVMBSH4K6G
COOYA-373-US,COOYA-373-US
CORD6HA ASH,CORD6HA ASH
CORD6HA ASH,CORD6HA ASH
CP.MA.00000492.01,CP.MA.00000492.01
CP.OS.00000167.01,CP.OS.00000167.01
CP.RN.00000121.01,CP.RN.00000121.01
CP00091,CP00091
CP-7915,CP-7915
CP-7937G-NEW,CP-7937G-NEW
CP-7937-MIC-KIT,CP-7937-MIC-KIT
CP-7961G,CP-7961G
CP-7965G,CP-7965G
CP-HS-W-522-USB=,CP-HS-W-522-USB=
CP-HS-W-522-USB=,CP-HS-W-522-USB=
CP-HS-W-532-RJ=,CP-HS-W-532-RJ
CPHSW532RJ,CP-HS-W-532-RJ=
CPHSW532RJ,CP-HS-W-532-RJ=
CPHSW532RJ,CP-HS-W-532-RJ=
CPHSW532RJ,CP-HS-W-532-RJ=
CP-PWR-CUBE-4=,CP-PWR-CUBE-4=
CP-PWR-CUBE-4=,CP-PWR-CUBE-4=
CPS-24V-60W,CPS-24V-60W
CP-SINGLEFOOTSTAND,CP-SINGLEFOOTSTAND
CPT401DUS,CPT401DUS
CR123A,CR123A
CR2032-4,CR2032-4
SCREEN-PROTECTOR-APPLE-2PK,CRC90665
CRD,CRD
CS0084,CS0084
CS4-006-BLACK,CS4-006-BLACK
CS-800LI,CS-800LI
CS-MIC-TABLE-J=,CS-MIC-TABLE-J=
CS-MIC-TABLE-J=,CS-MIC-TABLE-J=
CS-MIC-TABLE-J=,CS-MIC-TABLE-J=
CSMUZ9MM-125,CSMUZ9MM-125
CSMUZ9MM-25,CSMUZ9MM-25
LC-BLKBRY-PASSPORT-SHELL,CSR3BBPA-BK
CST-115,CST-115
CSWS-4/0-38,CSWS-4/0-38
CSWS-4/0-38,CSWS-4/0-38
CT25Pro,CT25Pro
CT2K8G4SFRA266,CT2K8G4SFRA266
CT2KIT51264BF160B,CT2KIT51264BF160B
CT4000P3PSSD8,CT4000P3PSSD8
CTG-54291,CTG-54291
CTG-54403,CTG-54403
CTL-HC16NBCP,CTL-HC16NBCP
CVM-WM300A,CVM-WM300A
CVRGIBSUV-13X20X12,CVRGIBSUV-13X20X12
CVX-10-115-S,CVX-10-115-S
CVX-10-115-S,CVX-10-115-S
CW9166I-B,CW9166I-B
CW9166I-B,CW9166I-B
LC-POUCH-SMALL-U,CWP-PDA-H1
LC-POUCH-SMALL-U,CWP-PDA-H1
CY3593CPMAG,CY3593CPMAG
CZ993A,CZ993A
POGO-CZA-10011B,CZA-10011B
D-092,D-092
D38999/26WB35SN,D38999/26WB35SN
D6-AP-87-7,D6-AP-87-7
LC-COVERON-S20FE-SNAP,D727-CO-SAS20FE-HCMBS1-BK
D7CC-2P-1M,D7CC-2P-1M
D850-CONV-CMRA,D850-CONV-CMRA
D8AC-87-25,D8AC-25
DA310-USB-C,DA310-USB-C
DBHM101D,DBHM101D
DBTHEAD20X,DBTHEAD20X
DBTHEAD90XBTDL,DBTHEAD90XBTDL
DC2124551,DC2124551
DC-BGH1,DC-BGH1
DC-FZ80K,DC-FZ80K
DCR044A2BDD,DCR044A2BDD
DCT1905,DCT1905
DDFL4U(E)/24,DDFL4U(E)/24
DE100,DE100
DE-57-AC060050,DE-57-AC060050
DECT 221,DECT2211G
DECT-225,DECT-2251
DELL-7220-RGTB,DELL-7220-RGTB
DELL-DA310,DELL-DA310
DELL-KM300C-US,DELL-KM300C-US
DELL-WD19S 180W,DELL-WD19S 180W
DESI 7505/7506,DESI 7505/7506
DESI-2616-25,DESI-2616-25
DESI-5312-25,DESI-5312-25
DESI6424,DESI6424
DESI-8434,DESI-8434
Desi-CMIII,Desi-CMIII
DESI-CMIV,DESI-CMIV
DESI-M2000,DESI-M2000
DESI-UNITYII-10,DESI-UNITYII-10
DESI-UNITYII-25,DESI-UNITYII-25
DEV-16771,DEV-16771
DIA672591,DIA672591
00G2113-010,DIA672591
DISCOVERY 640,DISCOVERY 640
DISCOVERY 925,DISCOVERY 925/77900-01
DISCOVERY 925,DISCOVERY 925/77900-01
Disposable Hygiene Mask,Disposable Hygiene Mask
Disposable Hygiene Mask,Disposable Hygiene Mask
DJ4X1C,DJ4X1C
DJI OM 4 SE,DJI OM 4 SE
DK12473PK,DK12473PK
DKT31CHVL,DKT31CHVL
SCREEN-DKX-SAM-S20FE,dkx
Panasonic ZS50,DMC-ZS50K
DM-RS10105,DM-RS10105
DMW-BLK22,DMW-BLK22
DMW-BTC15,DMW-BTC15
DOCK-WL-FB-GRY-AP,DOCK-WL-FB-GRY-AP
DOTT-LAMP-D,DOTT-LAMP-D
DP14MM1M,DP14MM1M
DP20P-MF-BLK-05M,DP20P-MF-BLK-05M
DP2DVID2,DP2DVID2
DP2HD-4K-3P,DP2HD-4K-3P
DP9P-9P6F,DP9P-9P6F
569201-STOCK,DPCMBK
569201-STOCK,DPCMBK
SONERC-USB-CABLE-U,DPY901487
AC-ONLY-SONERC-Z750A-ADAP,DPY901595/2
AC-ONLY-SONERC-Z750A-ADAP,DPY901595/2
AC-ONLY-SONERC-Z750A-ADAP,DPY901595/2
DSCRX100M7/B,DSCRX100M7/B
DSC-W800-BLK,DSC-W800/BC
DSC-W830 w/ SD-32GB,DSC-W830
DT100G3/16GB,DT100G3/16GB
DT100G3/32GB,DT100G3/32GB
DSKTP-GZONE-ROCK-C731-OEM,DTC731
DTD Cable,DTD Cable
DTD-8831-02,DTD-8831-02
DTD-8831-MICKIT,DTD-8831-MICKIT
DTD-8832-01,DTD-8832-01
DTD-8832-02,DTD-8832-02
DTD-8832-MICKIT,DTD-8832-MICKIT
DTD-8841-06,DTD-8841-06
DTD-8841-06-MR,DTD-8841-06-MR
DTD-8841-06-SD-BOEING,DTD-8841-06-SD
DTD-8841-07-MR,DTD-8841-07-MR
DTD-8851-01-NS-SD,DTD-8851-01-NS-SD
DTD-88XX-PTT,DTD-88XX-PTT
DTD-CVR-STKR,DTD-CVR-STKR
DTD-PTTHS-MON-AVAYA,DTD-PTTHS-MON-AVAYA
DTD-VOIP-PI-02,DTD-VOIP-PI-02
DTK1660K0A,DTK1660K0A
PC-APPLE-IPHONE-U,DUOVPAIPHVNV/SLMVPAIPHVNV/311487
PC-DUAL-MICRO-W/USB,DUOVPAMCRVNV/363082
DURAFON PRO-PIA,DURAFON PRO-PIA
DURAF-PRO-BU,DURAF-PRO-BU
DVI-7370c,DVI-7370c
DW30ML-US,DW30ML-US
DW30ML-US,DW30ML-US
DWM1327SP,DWM1327SP
DXD9H,DXD9H
E10G42BTDA,E10G42BTDA
E1SNDSCH300B,E1SNDSCH300B
E266835,E266835
E266835,E266835
E-30,E-30
E-30-EWP,E-30-EWP
E3177,E3177
e3d-24v-40w-mk3s,e3d-24v-40w-mk3s
e3d-prusa-v6-hot-end,e3d-prusa-v6-hot-end
E605-30ct,E605-30ct
COWIN-E-7-BLK,E7ANC
CL-LG-XPRESS-C395-STD-OEM,EAC61700902
CL-LG-XPRESS-C395-STD-OEM,EAC61700902
Eartec UL4S,Eartec UL4S
CL-SAM-A927-STD-OEM-U,EB424255VABSTD
CL-SAM-A927-STD-OEM-U,EB424255VABSTD
CL-SAM-A927-STD-OEM-U,EB424255VABSTD
CL-SAM-GALAXY-S4-MINI-STD-OEM,EB-B500BUBESTA
CL-SAM-GALAXY-S4-STD-OEM,EB-B600BUBESTA
CL-SAM-GALAXY-NOTE3-STD-OEM,EB-B800BUBESTA
CL-SAM-GALAXY-S5-STD-OEM,EB-BG900BBUBUS
BATCHR-SAM-GALAXY-S4,EB-K600BUWESTA
BATCHR-SAM-GALAXY-S4,EB-K600BUWESTA
BATCHR-SAM-GALAXY-S5,EB-KG900BWUSTA
BATCHR-SAM-GALAXY-S5,EB-KG900BWUSTA
CL-SAM-GALAXY-S3-STD-OEM,EB-L1G6LLAGSTA
CL-PORT-POWER-INCASE-BLK,EC20064
USB-SAM-GALAXYTAB,ECC1DP0UBEGSTA
SAM-USB-TAB2-U,ECC1DP0UBEGSTA
ECF504-36AAL,ECF504-36AAL
ECF504-R6A,ECF504-R6A
ECF504-SC6,ECF504-SC6
AC-ONLY-IPHONE-ECO-U,ECOCHGIPHVNV/327914
AC-ONLY-APPLE-IPHONE-U,ECOCHGIPHVNV/351252
EC-SNVE,EC-SNVE
EC-SSHD,EC-SSHD
ECUSBAX-05M,ECUSBAX-05M
EDA003885301A,EDA003885301A
DSKTP-SAM-GALAXY-U,EDD-D200BEGSTA
EDW-48-W,EDW-48-W
ADAPT-MICROUSB-USBTYPEC,EE-GN930BWEGUS
ADAPT-MICROUSB-USBTYPEC,EE-GN930BWEGUS
ADAPT-MICROUSB-USBTYPEC,EE-GN930BWEGUS
ADAPT-MICROUSB-USBTYPEC,EE-GN930BWEGUS
EEI-211-BLK,EEI-211-BLK
ADAPT-USB-C-3.5MM-WHT,EE-UC10JUWEGUS
ADAPT-USB-C-3.5MM-WHT,EE-UC10JUWEGUS
ADAPT-USB-C-3.5MM-WHT,EE-UC10JUWEGUS
ADAPT-SAMSUNG-TYPE-C-3.5MM,EE-UC10JUWEGUS
ADAPT-SAMSUNG-TYPE-C-3.5MM,EE-UC10JUWEGUS
ADAPT-SAMSUNG-TYPE-C-3.5MM,EE-UC10JUWEGUS
EE-UC10JUWEGWW,EE-UC10JUWEGWW
LC-SAM-GALAXY-TAB-10.1-CASE,EFC-1B1NBEGSTA
LC-SAM-GALAXYS6-FLIP-BLK,EF-CG920PBEGUS
LC-SAM-GALAXYS7-FLIP-BLK,EF-CG930PBEGUS
LC-SAM-GAL-S7-SVIEW-FLIP-BLK,EF-CG930PBEGUS
LC-SAM-GALAXYS4-FLIP,EF-CI950BBESTA
LC-SAM-GALAXYS4-COVER-NO-WINDOW,EF-FI950BB
LC-SAM-GALAXYS7-LED-VIEW-FLIP-BLK,EF-NG930PBEGUS
LC-SAM-S7EDGE-SVIEW-BLK,EF-NG935PBEGUS
EF-PS721CBEGUS,EF-PS721CBEGUS
LC-SAM-GAL-S6-CLEAR-BLK,EF-QG920BBEGUS
LC-SAM-GAL-S7-CLEAR/BLACK,EF-QG930CBEGUS
LC-SAM-S23-FE-CLEAR,EF-QS711CTEGUS
EF-QS711CTEGUS,EF-QS711CTEGUS
EF-ZG780CNEGUS,EF-ZG780CNEGUS
LC-SAM-GAL-S7-SVIEW-BLK,EF-ZG930CBEGUS
LC-SAM-GAL-S8-SVIEW-FLIP-BLK,EF-ZG950CBEGUS
LC-SAM-GAL-S8-SVIEW-FLIP-BLUE,EF-ZG950CLEGUS
LC-POUCH-HORIZ-NITE-XL,EHLXL-17-R3
HDST-SAM-MICRO-OEM-U,EHS49UD0MEBSTD
HDST-SAM-MICRO-OEM-U,EHS49UD0MEBSTD
EINSCAN-PROP,EINSCAN-PROP
SAM-GAL-S7-KEYBOARD,EJ-CG930UBEGUS
SAM-GAL-S7-KEYBOARD,EJ-CG930UBEGUS
SAM-GAL-S8-KEYBOARD,EJ-CG950BBEGWW
SAM-GAL-S8-KEYBOARD,EJ-CG950BBEGWW
SAM-GAL-S8-KEYBOARD,EJ-CG950BBEGWW
SAM-GAL-S8-KEYBOARD,EJ-CG950BBEGWW
EK-U1-ZCU106-G,EK-U1-ZCU106-G
EL1CR2BP2,EL1CR2BP2
EL5363,EL5363
ELG-00001,ELG-00001
ELPLP09,ELPLP09
EM-8841-06S-U,EM-8841-06S-U
EM-8841-13MS-U,EM-8841-13MS-U
EMC43UDAME,EMC43UDAME
HDST-SAM-ACTIVE-OEM-BLK,EO-EG920LBEGUS
HDST-SAM-ACTIVE-OEM-WHITE,EO-EG920LWEGUS
HDST-SAM-ACTIVE-OEM-WHITE,EO-EG920LWEGUS
HDST-SAM-ACTIVE-OEM-WHITE,EO-EG920LWEGUS
HDST-SAM-ACTIVE-OEM-WHITE,EO-EG920LWEGUS
HDST-SAM-STEREO-WHITE-U,EO-HS3303WESTA
EP610-Black,EP610-Black
LC-SAM-GAL-S5-CHARGING-BLK,EP-CG900IBUSTA
EPDDFL4U,EPDDFL4U
PC-SAM-MICRO-U,EP-LN915UBESTA
PC-SAM-TYPE-C,EP-LN920BBEGUS
PC-USB-TYPE-C-U,EP-LN930CBEGUS/551647/F7U002bt06-BLK
PC-USB-TYPE-C-U,EP-LN930CBEGUS/551647/F7U002bt06-BLK
PC-USB-TYPE-C-U,EP-LN930CBEGUS/551647/F7U002bt06-BLK
PC-USB-TYPE-C-U,EP-LN930CBEGUS/551647/F7U002bt06-BLK
CHARGE-GAL-WATCH-ACTIVE2,EP-OR825BBEGUJ
CHARGE-PAD-SAMSUNG-BLKS,EP-PG920IBUGUS
CHARGE-PAD-SAMSUNG-U,EP-PN920TBEGUS
CHARGE-PAD-SAMSUNG-U,EP-PN920TBEGUS
CHARGE-PAD-SAMSUNG-U,EP-PN920TBEGUS
AC-ONLY-SAM-MICRO-U,EP-TA20JWEUSTA
AC-ONLY-SAM-MICRO-U,EP-TA20JWEUSTA
AC-ONLY-SAM-TYPE-C,EP-TA300CWEGUS
AC-ONLY-USB-TYPE-C-45W,EP-TA845XBEGUS
LC-SAM-GAL-S7-CHARGING-BLK,EP-TG930BBUGUS
LC-SAM-GAL-S7-CHARGING-BLK,EP-TG930BBUGUS
EPUSBCWT,EPUSBCWT
ERC-RoMech,ERC-RoMech
LC-SAM-GALAXY-TAB-E-8.0-FINTIE,ESAF012US
ESMGCVP5020,ESMGCVP5020
AC-ONLY-SAM-GALAXY-TAB-U,ETA-P10JBEGSTA
AC-ONLY-SAM-GALAXY-U,ETA-U90JWEGSTA
ET-AUF3SBEBXAR,ET-AUF3SBEBXAR
BATCHR-SAM-GALAXY-S3,ETC-CP1G6LGSTA
ETJ-16DC-2,ETJ-16DC-2
ET-LA735,ET-LA735
ET-LAD55L,ET-LAD55L
ET-LAD55LW,ET-LAD55LW
ET-LAF100,ET-LAF100
CHARGE-SAM-BUNDLE-U,ET-PG920WCPCBL
ETSET-5,ETSET-5
VM4R,Evoluent
EXPI9402PT,EXPI9402PT
EXT-HD100MHBT,EXT-HD100MHBT
EZ-HSV+,EZ-HSV+
EZPAN1X4-30YN/D10,EZPAN1X4-30YN/D10
EZPAN1X4-30YN/D10,EZPAN1X4-30YN/D10
EZ-SHV+,EZ-SHV+
F3U134-06-CBL,F3U134-06-CBL
F4U041TT,F4U041TT
F81-080-9.25X46.5-4PACK,F81-080-9.25X46.5-4PACK
DSKTP-SAM-BELKIN-U,F8M389tt
AC-ONLY-MICRO-U,F8M667tt04-BLK/ECOCHGMCRVNV/300535
PC-MICRO-BELKIN-U,F8M700bt04-BLK
PC-MICRO-U,F8M700bt04-BLK/GC36394-2
MOUNT-VENT-BELKIN-U,F8M879bt
MICROUSB-POWER-BUNDLE,F8M895tt04-BLKP
LC-SAM-GALAXYS5-FOLIO,F8M921B1C00
F8M990ttWHT,F8M990ttWHT
F8V234,F8V234
F8W945DSBLK-APL,F8W945DSBLK-APL
PC-USB-APPLE-U,F8Z446TTP
FAN-B99SCW,FAN-B99SCW
LC-IPAD-MINI4-JETECH-BLK,FBA_3280-CS-GOLD2-Mini4-BK
NB-FBA-CF100,FBA_CF100
LC-IPAD-FINTIE-KEYBOARD,FBA_CPAE160US
RP-24483,FBA_EL-24483
FBA_HWP119336,FBA_HWP119336
FBA160001-BLK-10X10,FBA160001-BLK-10X10
FC9000-100,FC9000-100
FCA613B,FCA613B
FCA651B,FCA651B
FCR-HS3,FCR-HS3
FCSDAir13M2BK,FCSDAir13M2BK
FCSDAir13M2TM,FCSDAir13M2TM
FE-HHD90-18IN,FE-HHD90-18IN
FE-USB3-AA-03,FE-USB3-AA-03
FFL-050,FFL-050
FFL-050-U12,FFL-050-U12
FFMO1611LB,FFMO1611LB
FIT0701,FIT0701
FIT0715,FIT0715
FIT0819,FIT0819
FNB-V57,FNB-V57
FNT,FNT
FP20A,FP20A
FRTM-17-22-RTDS,FRTM-17-22-RTDS
FS-KM,FS-KM
FSS-KM,FSS-KM
FSTCHRG-3PK-DGVERS,FSTCHRG-3PK-DGVERS
FT2050A,FT2050A
FT-301 M,FT-301 M
FTLF8519P3BNL,FTLF8519P3BNL
FUHF16XA5M,FUHF16XA5M
FV-060,FV-060
FZ45BK,FZ45BK
FZ-55A4700VM,FZ-55A4700VM
FZ55-BK,FZ55-BK
G3-GM11-M2420,G3-GM11-M2420
HDST-USB-TYPE-C-U,G3H0002BTBLK
HDST-USB-TYPE-C-U,G3H0002BTBLK
HDST-USB-TYPE-C-U,G3H0002BTBLK
HDST-USB-TYPE-C-U,G3H0002BTBLK
HDST-USB-TYPE-C-U,G3H0002BTBLK
G5Y-00001,G5Y-00001
G69-WRL-HDMI,G69-WRL-HDMI
G6-BM50-ASH,G6-BM50-ASH
SCREEN-PROTECT-SAM-S7-EDGE,G7EHDS-F00
GALAXY S7 EDGE-BLACK,G935F
LC-IPHONE4-SNAP-LEATHER,GB01693
LC-IPHONE4-PASSPORT-WALLET,GB01714
USB-CABLE-CANON-ELPH180,gbmu5p180
GBU521,GBU521
CABLE-AUDIO-3.5MM-3FT,GC17103-2/AV10039TT03RTCP
STYLUS-GRIFFIN-U,GC35027-3/GC35027-2/GC16040
STYLUS-GRIFFIN-U,GC35027-3/GC35027-2/GC16040
STYLUS-GRIFFIN-WHITE,GC35032-3
PC-APPLE-LIGHTNING,GC39940/F8J121bt04-BLK/F8J078bt04-BLK/F8J090BT04-BLK
PC-APPLE-LIGHTNING,GC39940/F8J121bt04-BLK/F8J078bt04-BLK/F8J090BT04-BLK
PC-APPLE-LIGHTNING,GC39940/F8J121bt04-BLK/F8J078bt04-BLK/F8J090BT04-BLK
PC-APPLE-LIGHTNING,GC39940/F8J121bt04-BLK/F8J078bt04-BLK/F8J090BT04-BLK
PC-APPLE-LIGHTNING,GC39940/F8J121bt04-BLK/F8J078bt04-BLK/F8J090BT04-BLK
1200-P-FDG4,GCHA444012-FDG4
P6CNDLNCD-18in,GCLC666018-N
GCS1732,GCS1732
USBEXT-SPEAK410-3FT,GCUSB03
GE-29869GE2,GE-29869GE2
GE-29897GE1,GE-29897GE1
SCREEN-PROTECT-IPAD-PRO12.9,GEBTAP000009
SCREEN-PROTECT-IPAD-PRO12.9,GEBTAP000009
SCREEN-GLASS-IPAD-MINI5,GEBTAP000010
SCREEN-GLASS-SAM-S4,GEGEAP000010
SCREEN-GLASS-SAM-S6,GEGEAP000031
SCREEN-GLASS-SAM-S7,GEGEAP000071/SGPC0-SAGS7-3C0/SGAC0-SAGS7-3C0/SCRNGLS7VNV
SCREEN-GLASS-PROTECT-IPHONE7PLUS-U,GEGEAP000105
SCREEN-PROTECT-IPHONE7PLUS,GEGEAP000105
SCREEN-PROTECT-IPHONE7PLUS,GEGEAP000105
GE-TL86385,GE-TL86385
SCREEN-PAPER-IPAD-M5-11,GFLPLKNTIP-PRM4-2S-1100
GFR309,GFR309
SCREEN-GLASS-SAM-S10+,GGBIC2C228SS03A
SCREEN-GLASS-SAM-S8,GGBICEC208SS02A
SCREEN-PROTECT-SAM-NOTE8,GGBICEC208SS03A/GGOEXXC208SS07A
SCREEN-GLASS-SAM-S21,GGBIFED228SS08A
SCREEN-GLASS-IPHONE-SE,GGBIGED228AP01A
SCREEN-PROTECT-IPHONE7,GGBIGED228AP01A
SCREEN-PROTECT-IPHONE7,GGBIGED228AP01A
SCREEN-PROTECT-IPHONE7,GGBIGED228AP01A
SCREEN-GLASS-IPHONE-12,GGBIGED228AP03A
SCREEN-GLASS-IPHONE-13MINI,GGBIGED228AP04A
SCREEN-GLASS-IPHONE-12PROMAX,GGBIGED228AP05A
SCREEN-GLASS-IPHONE-13,GGBIGED228AP06A
SCREEN-GLASS-SAM-S20,GGBIGED228SS06A
SCREEN-GLASS-SAM-S22-ULTRA,GGBIGED228SS06A
SCREEN-GLASS-SAM-S20-FE,GGBIGED228SS09A
SCREEN-GLASS-SAM-GAL-A53,GGBIGED228SS13A
SCREEN-GLASS-SAM-GAL-A53,GGBIGED228SS13A
SCREEN-GLASS-SAM-S21-FE,GGBIGED228SS16A
SCREEN-PROTECT-IPAD-10.2,GGBIGLC340AP01A
SCREEN-GLASS-IPAD-PRO-10.5,GGBIXXC000AP01A
SCREEN-GLASS-IPAD-AIR3,GGBIXXC000AP01A
SCREEN-GLASS-IPAD-AIR3,GGBIXXC000AP01A
SCREEN-GLASS-IPHONE-11-PRO-MAX,GGBIXXC208AP11A
SCREEN-GLASS-IPHONE-11-PRO-MAX,GGBIXXC208AP11A
SCREEN-GLASS-IPHONE-XS-MAX,GGBIXXC208AP11A
SCREEN-GLASS-IPHONE-XS-MAX,GGBIXXC208AP11A
SCREEN-GLASS-SAM-S10e,GGBIXXC228SS01A
SCREEN-GLASS-SAM-S10e,GGBIXXC228SS01A
SCREEN-GLASS-SAM-S10e,GGBIXXC228SS01A
SCREEN-GLASS-SAM-GAL-TAB-A,GGBIXXC275SS05A
SCREEN-GLASS-IPAD-PRO-11-2018,GGBIXXC340AP
SCREEN-GLASS-IPAD-PRO-11-2018,GGBIXXC340AP
SCREEN-GLASS-IPAD-PRO12.9-2018,GGBIXXC340AP
SCREEN-GLASS-IPAD-PRO12.9-2018,GGBIXXC340AP
SCREEN-PROTECT-IPAD-PRO11-2ND,GGBIXXC340AP01B
SCREEN-PROTECT-IPAD-PRO11-2ND,GGBIXXC340AP01B
SCREEN-PROTECT-IPAD-PRO12.9-4TH,GGBIXXC340AP02B
SCREEN-GLASS-IPHONE-14,GGGLASD228AP11A
SCREEN-IPHONE-17e,GGGLASF211AP05A
SCREEN-IPHONE-17,GGGLASF211AP06A
SCREEN-IPHONE-AIR,GGGLASF211AP07A
SCREEN-IPHONE-17-PRO,GGGLASF211AP08A
SCREEN-IPHONE-17-PRO-MAX,GGGLASF211AP09A
SCREEN-GLASS-SAM-S23-FE,GGGLASF211SS16A
SCREEN-SAM-GAL-S25-FE,GGGLASF221SS38A
SCREEN-SAM-GAL-S26,GGGLASS211SS01A
SCREEN-SAM-GAL-S26+,GGGLASS211SS02A
SCREEN-SAM-GAL-S26-ULTRA,GGGLASS211SS03A
GGGLAST340AP01A,GGGLAST340AP01A
SCREEN-IPAD-PRO11,GGGLAST340AP02A
SCREEN-IPAD-PRO-11-M5,GGGLAST340AP02A
SCREEN-IPAD-AIR-13-M3,GGGLAST340AP03A
SCREEN-IPAD-AIR-11-M4,GGGLAST340AP04A
SCREEN-IPAD-AIR11,GGGLAST340AP04A
SCREEN-PROTECT-IPAD-10.9,GGGLAST340AP05A
SCREEN-IPAD-PRO13,GGGLAST340AP05A
SCREEN-IPAD-11TH-GEN-A16-M3,GGGLAST340AP05A
SCREEN-IPAD-PRO-13-M5,GGGLAST340AP05A
SCREEN-PROTECT-SAM-S8+,GGOEXXC208SS01A
SCREEN-PROTECT-SAM-S8,GGOEXXC208SS02A
SCREEN-PROTECT-IPAD-MINI4,GG-TGSP-MINI4/OEOTAP000032
SCREEN-PROTECT-IPAD-MINI4,GG-TGSP-MINI4/OEOTAP000032
GL9103,GL9103
GLC-TE-FL,GLC-TE-FL
14207-48,GN14207-48
14207-48,GN14207-48
7510-209-BOEING,GN7510-209
935-15-503-205-BOEING,GN935-15-503-205
935-15-503-205-BOEING,GN935-15-503-205
935-15-503-205,GN935-15-503-205
0436-149,GNN-0436-149
1004214,GNN-1004214
PC-MOT-Z6C-U,GP-CLA-M/PC-HD-V9/DUOVPAMCRVNV/SYN1830
PC-MOT-Z6C-U,GP-CLA-M/PC-HD-V9/DUOVPAMCRVNV/SYN1830
PC-MOT-Z6C-U,GP-CLA-M/PC-HD-V9/DUOVPAMCRVNV/SYN1830
GPX1100,GPX1100
GS105NA,GS105NA
GS108NA,GS108NA
GS116,GS116
GS305P-300NAS,GS305P-300NAS
GS316PP,GS316PP
CABLE-IPAD-PRO-2PK,GS-50210D
SCREEN-GLASS-SAM-S7-ZAGG,GS7GLS-F00
GSA-015-CLR,GSA-015-CLR
GSA6393-823-109-BOEING,GSA6393-823-109
GSA6393-823-109-BOEING,GSA6393-823-109
GSA6393-823-109-BOEING,GSA6393-823-109
GSA6399-823-109-BOEING,GSA6399-823-109
GSA6399-823-109-BOEING,GSA6399-823-109
GSA6399-823-109-BOEING,GSA6399-823-109
TAPE-CLR-6PK,GSDYHRN0220116PK
GS-W18A0920,GS-W18A0920
GT-1205A,GT-1205A
GTC-0033,GTC-0033
GTE-08899,GTE-08899
GTN-0077,GTN-0077
GTN-0077,GTN-0077
SAMSUNG-GALAXY-TABLET-10.1-32GB-GRAY,GT-P7510MAVXAB
GTS-0077,GTS-0077
GVM-NPF750,GVM-NPF750
GWAVRD,GWAVRD
GX60,GX60
GXP1450,GXP1450
H10-66,H10-66
H10-76,H10-76
H10-76XL,H10-76XL
H-1223ADD-GR,H-1223ADD-GR
H1300EF-00,H1300EF-00
H3331,H3331
H4C-MM-12-ASH,H4C-MM-12-ASH
H4C-M-M-25-ASH,H4C-M-M-25-ASH
H4C-M-M-9-ASH,H4C-M-M-9-ASH
H4DU-215-12,H4DU-215-12
H4DU-215-6,H4DU-215-6
H-6864-WOOD,H-6864-WOOD
H700,H700
H760-INACTIVE,H760
H760,H760
H-7605,H-7605
H-7864,H-7864
H-9939,H-9939
HA100-2NP,HA100-2NP
HA65NM190,HA65NM190
JVC HA-EBR80,HAEBR80B
HART-1854,HART-1854
CL-MYCHARGE-HUBMAX,HB10V-A
CL-MYCHARGE-HUBMINI,HB33V-A/HB30V
CL-MYCHARGE-HUBMINI,HB33V-A/HB30V
CL-MYCHARGE-HUBMINI,HB33V-A/HB30V
CL-MYCHARGE-HUBPLUS,HB67V-A/HB60V
CL-MYCHARGE-HUBPLUS,HB67V-A/HB60V
CL-MYCHARGE-HUBPLUS,HB67V-A/HB60V
HBL1,HBL1
CL-MYCHARGE-HUBMINI-U,HBLC33V
CL-MYCHARGE-HUBPLUS-U,HBLC67V
HBM-210,HBM-210
CL-MYCHARGE-HUBPLUS-C,HBQC67V
CL-MYCHARGE-HUBPLUS-C,HBQC67V
HBS-730,HBS-730.ACUSBKK
HBS-730,HBS-730.ACUSBKK
HBS-760-BLK,HBS-760.ACUSBKI
HBS-780,HBS-780.ACUSBKI
HBS-800,HBS-800.ACUSBKK
HBS-800-WHITE,HBS-800.ACUSWPK
HBS-810,HBS-810.ACUSBKI
HBS-820,HBS-820.ACUSBKI
HBS-900,HBS-900
HBS-900,HBS-900
HBS-900,HBS-900
HBS-910,HBS-910.ACUSSVI
HBS-910,HBS-910.ACUSSVI
HBS-920-BLK,HBS-920.ACUSBKI
HBS-920-BLK,HBS-920.ACUSBKI
HBS-920-BLK,HBS-920.ACUSBKI
HBS-930-BLK,HBS-930.ACUSBKI
ASIN B075JSMCTL,HC04_i8MT
HC1203-HUB,HC1203-HUB
HC45,HC45
HC-BEETLE,HC-BEETLE
HCGR0412,HCGR0412
HCGR0425,HCGR0425
HCGR05-6,HCGR05-6
HCGR0607,HCGR0607
HD-100A,HD-100A
HD22Q,HD22Q
HD2VGAA2,HD2VGAA2
HD408L,HD408L
HD45K03,HD45K03
HDAB-2535,HDAB-2535
HD-DVI-MM-2,HD-DVI-MM-2
HD-EXT3-C-B_SYSTEM,HD-EXT3-C-B_SYSTEM
HD-EXT3-C-B_SYSTEM,HD-EXT3-C-B_SYSTEM
HDMI-199-KD,HDMI-199-KD
HDMI2-CABLE-4K60-25F,HDMI2-CABLE-4K60-25F
HDMI2-CABLE-4K60-30F,HDMI2-CABLE-4K60-30F
HDMI2-CABLE-4K60-35F,HDMI2-CABLE-4K60-35F
HDMI-AD-6FT,HDMI-AD-6FT
hdmicable0011,hdmicable0011
HDMIDVI-10-BLK,HDMIDVI-10-BLK
HDMI-mHDMI-10ft,HDMI-mHDMI-10ft
HDMI-MM-2M,HDMI-MM-2M
HDMI-MM-2M,HDMI-MM-2M
HDST-BS9,HDST-BS9
HDST-BT-CONAMCO,HDST-BT-CONAMCO
HDST-BT-OBB-RG,HDST-BT-OBB-RG
HDST-BLKBRY-STEREO-EAR-2.5MM-U,HDW-13019-001
LC-BLKBRY-SKIN-PINK-8800-U,HDW-13751-004
LC-BLKBRY-SKIN-GREEN-8800-U,HDW-13751-006
HDST-BLKBRY-CURVE-8300,HDW-14322-003
HDST-BLKBRY-CURVE-8300,HDW-14322-003
HDST-BLKBRY-CURVE-8300,HDW-14322-003
HDST-BLKBRY-CURVE-8300,HDW-14322-003
LC-BLKBRY-SKIN-BLK-9000,HDW-17001-001
LC-BLKBRY-8520-HORIZ-SW-U,HDW-18965-001
LC-BLKBRY-9700-BROWN-HORIZ,HDW-18966-004
LC-BLKBRY-9000-SW,HDW-19592-001/HDW-18193-003
LC-BLKBRY-9000-SW,HDW-19592-001/HDW-18193-003
LC-BLKBRY-9000-SW,HDW-19592-001/HDW-18193-003
LC-BLKBRY-9000-SW,HDW-19592-001/HDW-18193-003
LC-BLKBRY-9000-SW,HDW-19592-001/HDW-18193-003
LC-BLKBRY-9000-SW,HDW-19592-001/HDW-18193-003
LC-BLKBRY-9000-HORIZ-HOL-OEM,HDW-19593-001
LC-BLKBRY-9000-POUCH-OEM-U,HDW-19608-001
LC-BLKBRY-9000-POUCH-OEM-U,HDW-19608-001
LC-BLKBRY-9000-POUCH-OEM-U,HDW-19608-001
LC-BLKBRY-9000-POUCH-OEM-U,HDW-19608-001
LC-BLKBRY-9630-POUCH-OEM-U,HDW-23469-001
LC-BLKBRY-9700-HOL-SW-U,HDW-24208-001
LC-BLKBRY-SKIN-BLK-8520,HDW-24211-001
LC-BLKBRY-SKIN-GREEN-8520,HDW-24211-008
HDST-BLKBRY-EARBUD-OEM-U,HDW-24528-001/HDW-12420-003
LC-BLKBRY-SKIN-BLK-9700,HDW-27288-001
LC-BLKBRY-SKIN-PINK-9700,HDW-27288-005
LC-BLKBRY-SKIN-9650-RED,HDW-29320-002
LC-BLKBRY-SKIN-9650-BLUE,HDW-29320-003
LC-BLKBRY-SKIN-9650-WHITE,HDW-29320-004
LC-BLKBRY-SKIN-9650-PINK,HDW-29320-005
LC-BLKBRY-9100-SW,HDW-29557-001
LC-BLKBRY-9100-SW,HDW-29557-001
LC-BLKBRY-9100-SW,HDW-29557-001
LC-BLKBRY-9100-POUCH-OEM,HDW-29891-001
LC-BLKBRY-9100-POUCH-OEM,HDW-29891-001
LC-BLKBRY-9900-SW-U,HDW-38842-001/ACC-38855-301
LC-BLKBRY-9900-SW-U,HDW-38842-001/ACC-38855-301
LC-BLKBRY-9900-SW-U,HDW-38842-001/ACC-38855-301
LC-BLKBRY-9900-SW-U,HDW-38842-001/ACC-38855-301
LC-BLKBRY-9900-SW-U,HDW-38842-001/ACC-38855-301
LC-BLKBRY-9800-POUCH-OEM-U,HDW-42813-001/HDW-31013-001
HE-200,HE-200RB
HE-200,HE-200RB
HED 026,HED 026
LC-IPAD-12.9-HERIZE,Herize
HF8XA-5M,HF8XA-5M
HG50NT670UFXZA,HG50NT670UFXZA
HID-100-EX39-840-BYP-PT-G2,HID-100-EX39-840-BYP-PT-G2
HK125,HK125
HL1,HL1
HL1920E,HL1920E
B-HOL-BLKBRY-9300-U,HLBB8520AS
HLL2300D,HLL2300D
HMI5070BV4,HMI5070BV4
HNLL3,HNLL3
HNT-PD416,HNT-PD416
LC-BLKBRY-Z10-SNAP,HOLCOM-Z10/CB31BBZ10TX02/CBSCBBZ10ME02/SCBBZ10HY0202/572512
LC-BLKBRY-Z10-SNAP,HOLCOM-Z10/CB31BBZ10TX02/CBSCBBZ10ME02/SCBBZ10HY0202/572512
LC-BLKBRY-Z10-SNAP,HOLCOM-Z10/CB31BBZ10TX02/CBSCBBZ10ME02/SCBBZ10HY0202/572512
LC-BLKBRY-Z10-SNAP,HOLCOM-Z10/CB31BBZ10TX02/CBSCBBZ10ME02/SCBBZ10HY0202/572512
LC-BLKBRY-Z10-SNAP,HOLCOM-Z10/CB31BBZ10TX02/CBSCBBZ10ME02/SCBBZ10HY0202/572512
HoloLens 2,HoloLens Development Edition
HP250,HP250
HPLW2ZM/B,HPLW2ZM/B
HPM-70,HPM-70
HPRC2700WSSKBLK,HPRC2700WSSKBLK
C14-1000,HS-20
HSC017B,HSC017B
H-SDI-PG,H-SDI-PG
H-SDI-PG,H-SDI-PG
HSE-211E,HSE-211E
HSE-221E,HSE-221E
HSe621E,HSe621E
HS-K-AMP-BLK,HS-K-AMP-BLK
HS-K-PTT-BLK,HS-K-PTT-BLK
HSMC-DP-CARD,HSMC-DP-CARD
HVL-F46RMA,HVL-F46RMA
HW261N-26716-01,HW261N-26716-01
HW302410GYHK,HW302410GYHK
HW362410GYHK,HW362410GYHK
HW363010GYHK,HW363010GYHK
HW-USB-FLYLEADS-G,HW-USB-FLYLEADS-G
HW-USB-II-G,HW-USB-II-G
HX-P27,HX-P27
I210T1-PRO,I210T1-PRO
I350T4V2,I350T4V2
I350T4V2,I350T4V2
I609-SP-IM942,I609-SP-IM942
LC-IMPACT-IPHONE7-GM,i7guncaseGM
LC-IMPACT-IPHONE7-NY,i7guncaseN
LC-IMPACT-IPHONE7-RD,i7guncaseR
LC-IMPACT-IPHONE7-YL,i7guncaseyellow
LC-IMPACT-IPHONE7-BK,i7guncaseyellow
LC-IMPACT-IPHONE7-LG,i7lime
LC-IMPACT-IPHONE7-BL,i7NavyBlue
LC-IMPACT-IPHONE7-PL,i7PURPLE
LC-IMPACT-IPHONE7-SR,i7SILVER
IC107DFD,IC107DFD
IC107DR2,IC107DR2
IC107MRD,IC107MRD
ICOM IC-A14,IC-A14
SCREEN-ANTIGLARE-IPAD2-2PK,ICC1194
SCREEN-PROTECT-IPAD-U,ICC1198
LC-IPAD3-JWIN-FOLIO-GREY-U,ICC845GRY
ICC-CAT5JACK-IV,ICC-CAT5JACK-IV
ICC-FACE-1-SS,ICC-FACE-1-SS
13B-06-6,ICC-ICHC406FBK
13B-06-6,ICC-ICHC406FBK
D8W-87-25BP,ICC-ICL825RSV
D8W-87-25BP,ICC-ICL825RSV
ICC-ICLC425FSV,ICC-ICLC425FSV
D8W-87-14,ICC-ICLC814RSV
D8W-87-14,ICC-ICLC814RSV
103786810,ICC-ICLC825RSV
103786810,ICC-ICLC825RSV
Icom-IC-T2H-Charger,Icom-IC-T2H-Charger
IC-T2H,Icom-IC-T2H-Charger
STYLUS-WHITE-U,ICS801WHT
LC-IPAD-PRO-9.7-ZAGG-SLIM-BOOK,ID8SBP-BB0
STYLUS-BLK-U,IESTYLUSBK
IFP6550,IFP6550
IKD500S-AES-8GB,IKD500S
ILCE-7RM6/B,ILCE-7RM6/B
KEYBOARD-ZAGG-IPAD-MINI-4,IM4ZF2-BB0
Inkset-MAX2,Inkset
Insta360-CrtrKit,Insta360-CrtrKit
IHOME-IP37BVC,IP37BVC
N0165408,IP8502
IPAD234RSBB,iPad2/3/4RSBB
IPAD-LOCK-FOLAI,IPAD-LOCK-FOLAI
LC-IPAD-PRO-10.5-KHOMO-GRY,iPad-Pro-10.5-Companion-Charcoal-Gray
LC-IPAD-MINI4-INCIP-LEX-BLK,IPD-279-BLK
LC-IPAD-MINI4-INCIP-LEX-BLK,IPD-279-BLK
LC-IPAD-MINI4-INCIP-LEX-BLK,IPD-279-BLK
LC-IPAD-MINI4-INCIP-LEX-BLK,IPD-279-BLK
LC-IPAD-PRO-9.7-INCIP-FARADAY-BLK,IPD-305-BLK
LC-IPAD-PRO-9.7-INCIP-FARADAY-BLK,IPD-305-BLK
LC-IPAD-AIR2-INCIP-LGND-BLK,IPD-356-BLK
LC-IPAD-AIR2-INCIP-LGND-BLK,IPD-356-BLK
LC-IPAD-2017-9.7-INCIP-CLARION-BLK,IPD-387-BLK
LC-IPAD-2017-9.7-INCIP-CLARION-BLK,IPD-387-BLK
LC-IPAD-2017-9.7-INCIP-CLARION-BLK,IPD-387-BLK
LC-IPAD-2017-9.7-INCIP-CLARION-BLK,IPD-387-BLK
LC-IPAD-PRO12.9-2018-FOLIO-BLK,IPD-401-BLK
LC-IPAD-PRO-11-2018-FOLIO-BLK,IPD-403-BLK
LC-IPHONE-7-INCIP-DUALPRO-BLK,IPH-1465-BLK
LC-IPHONE-7-INCIP-DUALPRO-BLK,IPH-1465-BLK
LC-IPHONE-7-INCIP-DUALPRO-BLK,IPH-1465-BLK
LC-IPHONE-7-INCIP-DUALPRO-BLK,IPH-1465-BLK
LC-IPHONE-7PLUS-INCIP-DUALPRO-BLK,IPH-1491-BLK
LC-IPHONE-7PLUS-INCIP-DUALPRO-BLK,IPH-1491-BLK
ADAPT-APPLE-LIGHTNING,IPH5-ADAPT
ADAPT-APPLE-IP-HDMI,IP-HDMI
LC-APPLE-SKIN-CLEAR-3G-U,IPHONE3G-CLR
IPXRB1BK,IPXRB1BK
IRC-PPT-KIT,IRC-PPT-KIT
BLTH-SPK-TROLLEY,ITSBO-520
CORTELCO-2500-DESK-ND-RED,ITT-2500NDL-RD
2554 -BLK,ITT-2554-V-BK
ITT-2554-V-IV,ITT-2554-V-IV
IULTRA-OLG- 300000,IULTRA-OLG- 300000
J0812T,J0812T
BT8040,JB9804-0000-02
BT8040,JB9804-0000-02
JAWBONE ICON-HD-BLK,JBG03BW-HD
JAWBONE ICON-HD-BLK,JBG03BW-HD
JAWBONE ICON-THINKER-BLK,JBG03BW-HD/JBG03BW
JAWBONE ICON-THINKER-BLK,JBG03BW-HD/JBG03BW
JBLQ350WLBLKAM,JBLQ350WLBLKAM
JC-20W-AC,JC-20W-AC
JGS-02-BK,JGS-02-BK
JNC241,JNC241
JPM804A-R2,JPM804A-R2
JST-PH-KIT,JST-PH-KIT
JTDHDEX-1,JTDHDEX-1
JTD-MINI-1x2SP,JTD-MINI-1x2SP
980356-0403/JUG-00001,JUG-00001
980356-0403/JUG-00001,JUG-00001
LX-3000,JUG00013
K-1500P-W,K-1500P-W
K-1500-RED,K-1500-RED
33084,K33084
33084,K33084
33084,K33084
PC-MICRO-KENSINGTON-U,K38119WW
K38120WW,K38120WW
DSKTP-IPHONE-POWER-DOCK-U,K39253US
APPLE-CHRG-SYNC-DOCK-U,K39257US
CL-APPLE-BATTCASE-U,K39260US
LC-IPAD-FOLIO-IPAD-U,K39397WW
LC-IPAD-BT-KEYBOARD-U,K39512US/K39357US
K62533USA,K62533USA
K64327F,K64327F
K64673AM,K64673AM
Nikon K-92248-04,K-92248-04
ARMBAND-UNIVERSAL,K9674
K97600WW,K97600WW
KB-KM,KB-KM
KB-KM,KB-KM
KCD2-7-223-4P-X,KCD2-7-223-4P-X
LC-SAM-GALAXYS6-ACTIVE-SNAP,KCSS6ACTX02Z3/KCSS6ACTX01Z3
KE8952R,KE8952R
KE8952T,KE8952T
KEYBOARD-GETAC-X500,KEYBOARD-GETAC-X500
BLKBRY-CRADLE-Z30,KIDIGI
KIT-15081,KIT-15081
K-KJ17KHCA4A,K-KJ17KHCA4A
KM 131 R,KM 131 R
KM 131 R,KM 131 R
KMW62348,KMW62348
KOUR10SHPSBK,KOUR10SHPSBK
KOV-GTLS-0055,KOV-GTLS-0055
KOV-GTLS-0055,KOV-GTLS-0055
KOV-GTM-R,KOV-GTM-R
KP-810-19BT,KP-810-19BT
LC-IPHONE-11-SNAP-U,KSAI11AR02
LC-IPHONE-11-PRO-MAX-SNAP-U,KSAI11MAR02
LC-IPHONE-11-PRO-SNAP-U,KSAI11PAR02
LC-IPHONE7-SNAP-U,KSAI7AR02
LC-IPHONE7PLUS-SNAP-U,KSAI7PAR02
LC-IPHONE-XS-SNAP-U,KSAIXAR02
LC-IPHONE-XR-SNAP-U,KSAIXRAR02
LC-IPHONE-XS-MAX-SNAP-U,KSAIXSMAR02
LC-SAM-GAL-S7-SW,KS-GP-004
LC-SAM-GALAXY-NOTE8-SNAP,KSSN8AR02
LC-SAM-GALAXY-NOTE9-SNAP,KSSN9AR02
LC-SAM-GALAXYS20FE-SNAP,KSSS20FEAR02
LC-SAM-GALAXYS8-ACTIVE-SNAP,KSSS8ACAR02
LC-SAM-GALAXYS8-SNAP,KSSS8AR02
LC-SAM-GALAXY-S8+-SNAP,KSSS8PAR02
LC-SAM-GALAXYS9-SNAP,KSSS9AR02
LC-SAM-GALAXYS9+-SNAP,KSSS9PAR02
LC-SAM-GALAXYS6-SNAP,KTSS60202HG/KCSS6TX02VH
KVXLCHDP-200,KVXLCHDP-200
KX-TCA430,KX-TCA430
KX-TCA430,KX-TCA430
KX-TCA430,KX-TCA430
KX-TG4021N,KX-TG4021N
KX-TG6511B,KX-TG6511B
KX-TS620B,KX-TS620B
KX-TS620B,KX-TS620B
KX-TS620W,KX-TS620W
B-HOL-KYO-DURAXV,KYOE4520HOL
L11TGF1000NB300-T-1,L11TGF1000NB300-T-1
L15T8DE450-CG,L15T8DE450-CG
L2S-10E,L2S-10E
L2S-5E,L2S-5E
L6LUC012-CS-R,L6LUC012-CS-R
HH-LEATHR-CASE-L7/8-R7PL/8PL,L7/8-R7PL/8PL
L8095BBHSSK,L8095BBHSSK
LA90PM130,LA90PM130
Lamp - TLP-LW3,Lamp - TLP-LW3
LAMP-016,LAMP-016
LAMP-027,LAMP-027
LAPS-114BLACK,LAPS-114BLACK
Latitude3510,Latitude3510
LB-2812,LB-2812
LC4C-1FT,LC4C-1FT
LC64GCRBNA3400,LC64GCRBNA3400
LC-BG-ACEPRO-SAM-S20FE,LC-BG-ACEPRO-SAM-S20FE
LC-DION-SAM-S20FE,LC-DION-SAM-S20FE
LCF32GCRBNA1066,LCF32GCRBNA1066
LC-IPAD-10TH-GEN-SYMM,LC-IPAD-10TH-GEN-SYMM
LC-IPAD-9TH-GEN-SYMM,LC-IPAD-9TH-GEN-SYMM
LC-IPHONE-12-DEF-NAV,LC-IPHONE-12-DEF-NAV
LC-IPHONE-SE-SIL-CASE-ABYSS,LC-IPHONE-SE-SIL-CASE-ABYSS
LC-MIRA-IPHONE-12,LC-MIRA-IPHONE-12
Sony LCSCSJ,LCSCSJ
LDRF-RGBCCT6-MZ,LDRF-RGBCCT6-MZ
LDX10-0006-00,LDX10-0006-00
LEC-86900,LEC-86900
LED-56S-ZK,LED-56S-ZK
LED-5WUV,LED-5WUV
LED-6200T,LED-6200T
LG 29UM59-A,LG 29UM59-A
LGH008A,LGH008A
LH-221,LH-221
LH75WADWLGCXZA,LH75WADWLGCXZA
LH7PB,LH7PB
LI3608-SR00003VZWW,LI3608-SR00003VZWW
LJDS75-128ABNL,LJDS75-128ABNL
LK202,LK202
LM-2400-44,LM-2400-44
LMSPD16GBSBNA,LMSPD16GBSBNA
LMSPD8GBBSBNA,LMSPD8GBBSBNA
LP10LGE-P,LP10LGEP
LP820,LP820
LPW7-G3-8-DGY,LPW7-G3-8-DGY
LRW024URBNA,LRW024URBNA
LRW025URBNA,LRW025URBNA
LS14250BA,LS14250BA
LS14250BA ,LS14250BA 
LS14500,LS14500
LS2208,LS2208
LS2208-SR20007NA,LS2208-SR20007NA
LSD32GCB1NL633,LSD32GCB1NL633
LSD32GCB1NL6332,LSD32GCB1NL6332
64GBSD-LEXAR,LSD64GCRBNA2000R
LC-IPAD-2017-9.7-LUMOS-GRY,Lumos-iPad-9.7-2018-Gray
LXM-00001,LXM-00001
T3/T5 SAM-HARD-SHELL,LYSB01E2330K2-ELECTRNCS
UGREEN-M.2SATA,M.2
MOUNT-FLEX-M10,M10
M23053/8-004-C,M23053/8-004-C
M23053/8-005-C,M23053/8-005-C
M23053 / 8-006-C,M23053/8-006-C
M23053/8-007-C,M23053/8-007-C
M2616-Ash,M2616
M2616D/BLK,M2616
M2616-SPKR-ASH,M2616-SPKR-ASH
M2616-STND-BLK,M2616-STND-BLK
M2GL-EVAL-KIT,M2GL-EVAL-KIT
M3520-MPW2,M3520-MPW2
M3902,M3902
M3903,M3903
M3904,M3904
M393B1G70QH0-YK0Q8,M393B1G70QH0-YK0Q8
M3-FLAT,M3-FLAT
M-3GT-CM8D,M-3GT-CM8D
M3-PAN,M3-PAN
M3-SET,M3-SET
M500E-DO NOT USE,M500E
M5112-BLK,M5112-BLK
M5209,M5209
M5312 (BLACK),M5312
M5316 (ASH),M5316 (ASH)
M7208,M7208
HUMANSCALE-M8,M8
M8314,M8314
M83513/03-H03N,M83513/03-H03N
M85049/1917W03,M85049/1917W03
M85049/1919W05A,M85049/1919W05A
M85049/38S11W,M85049/38S11W
M85049/38S17W,M85049/38S17W
M85049/38S19W,M85049/38S19W
M9417CW-BLK,M9417CW-BLK
M9417CW-BLK-R,M9417CW-BLK-R
LC-IPAD3-MACALLY-GRAY,MAGCOVER3
MAU-12SDB,MAU-12SDB
MAX77757JEVKIT420#,MAX77757JEVKIT420#
MB-MP128GA/AM,MB-MP128GA/AM
MB-MP128GA/AM,MB-MP128GA/AM
MB-MP64GA/AM,MB-MP64GA/AM
MCM-USB,MCM-USB
MCP-220-00051-0N,MCP-220-00051-0N
M-CRN-W62D,M-CRN-W62D
MD141,MD141
LIGHTNING-USBCABLE-U,MD819AM/A
LIGHTNING-AV-ADAPTER,MD826AM/A
LIGHTNING-AV-ADAPTER,MD826AM/A
PWR-ADAPT-APPLE-LIGHTNING,MD836LL/A
KEYBOARD-MAGIC-AIR-11-M3,MDFV4LL/A
KEYBOARD-MAGIC-AIR-13-M3,MDFW4LL/A
KEYBOARD-MAGIC-IPAD-AIR-13-M3,MDFW4LL/A
KEYBOARD-MAGIC-IPAD-AIR-13-M4-BLK,MDFW4LL/A
MDGF4LL/A,MDGF4LL/A
MDP2DPMM6,MDP2DPMM6
MDP2HDMI,MDP2HDMI
MDR-110LP,MDR-110LP
51MZ0170AA039-new,MDR-E10LP/Red
MDR-NC7,MDR-NC7
MDR-V150,MDRV150
MDRV150,MDR-V150
MDRV250V,MDRV250V
MDRXD100,MDRXD100
MDR-ZX100,MDR-ZX100
MDR-ZX110AP,MDR-ZX110AP
MDT420M01002,MDT420M01002
MEBCL1,MEBCL1
MEBPE22,MEBPE22
MEBPE32,MEBPE32
MEMCRD-1GB,MEMCRD-1GB
MEMCRD-2GB,MEMCRD-2GB
MER-6MB-HNDST,MER-6MB-HNDST
AIRPODS PRO 3,MFHP4LL/A
AIRPODS PRO 3,MFHP4LL/A
KEYBOARD-MAGIC-AIR-11-M3-BLK,mgyx4ll/a
KEYBOARD-MAGIC-IPAD-AIR-11-M4-BLK,mgyx4ll/a
KEYBOARD-MAGIC-AIR-13-M3-BLK,mgyy4ll/a
MH003,MH003
MHJA3AM/A,MHJA3AM/A
LC-APPLE-MS-CC-17E,MHWC4ZM/A
MI-7180,MI-7180
MI-7610,MI-7610
Insta360 X5,Midnight Black || Standard Bundle || No microSD Card
MILC4A-BK-1F,MILC4A-BK-1F
MILC4A-BK-1F,MILC4A-BK-1F
SCREEN-PRIVACY-BB-9700,MIL-PFU
MIL-Y-ADAPTER,MIL-Y-ADAPTER
LC-IPAD-MINI4-ZTOTOP,mini4_004_de
7406,MinnTel
MITSUI83443,MITSUI83443
APPLE-USB-C-AV-ADAPTER,MJ1K2AM/A
APPLE-USB-C-AV-ADAPTER,MJ1K2AM/A
APPLE-USB-C-AV-ADAPTER,MJ1K2AM/A
KEYBOARD-MAGIC-PRO11-M2,MJQJ3LL/A
KEYBOARD-SMART-PRO12.9,MJYR2LL/A
APPLE-PENCIL-1ST-GEN,MK0C2AM/A
APPLE-PENCIL-1ST-GEN,MK0C2AM/A
APPLE-PENCIL-1ST-GEN,MK0C2AM/A
MK2E3AM/A,MK2E3AM/A
M-L2G-JETT,M-L2G-JETT
MAGIC-MICE,MLA02LL/A
KEYBOARD-MAGIC,MLA22LL/A
KEYBOARD-MAGIC-PRO11-2ND,MLA22LL/A
MLL82AM-A,MLL82AM-A
MLX-10,MLX-10
MM2A3ZM/A,MM2A3ZM/A
MM2A3ZM/A,MM2A3ZM/A
MM2G3ZM/A,MM2G3ZM/A
KEYBOARD-SMART-PRO9.7,MM2L2AM/A
KEYBOARD-SMART-PRO9.7,MM2L2AM/A
MM4CLSV,MM4CLSV
MM6CLSV,MM6CLSV
AIRPODS 3RD GEN,MME73LL/A
AIRPODS 3RD GEN,MME73LL/A
MMSZ5242BT1G,MMSZ5242BT1G
MMSZ5244BT1G,MMSZ5244BT1G
HDST-APPLE-LIGHTNING-U,MMTN2AM/A
HDST-APPLE-LIGHTNING-U,MMTN2AM/A
ADAPT-APPLE-LIGHTNING-3.5MM,MMX62AM/A
ADAPT-APPLE-LIGHTNING-3.5MM,MMX62AM/A
ADAPT-APPLE-LIGHTNING-3.5MM,MMX62AM/A
MND20-S,MND20-S
Model 106,Model 106
S305,MOTBLTHS305
MP200PS,MP200PS
MP-31373,MP-31373
MPA40BT-PRO,MPA40BT-PRO
MPAUB,MPAUB
MPHIS4260BK24,MPHIS4260BK24
MPO-LC(DX)-12B-S2.0-LM,MPO-LC(DX)-12B-S2.0-LM
MPSU04,MPSU04
KEYBOARD-SMART-PRO10.5,MPTL2LL/A
KEYBOARD-SMART-PRO10.5,MPTL2LL/A
KEYBOARD-MAGIC-IPAD-11TH-GEN-A16-M3,MQDP3LL/A
KEYBOARD-MAGIC-10TH-GEN,MQDP3LL/A
MQGH2AM/A,MQGH2AM/A
APPLE-USB-C-LIGHTNING-CABLE,MQGJ2AM/A
LC-APPLE-IPHONE-8-BLUE,MQGM2ZM/A
M-QPE-LDF8,M-QPE-LDF8
MQUE2AM/A,MQUE2AM/A
MR75MS,MR75MS
MAGIC-MOUSE-2,MRME2LL/A
MS-FLASH-SS-1TB,MS-FLASH-SS-1TB
M-STYLE-PTT-ASH,M-STYLE-PTT-ASH
MT13H220A,MT13H220A
PELTOR-MT1H7F2WS3,MT1H7F2WS3
MT53H7A4600-NA,MT53H7A4600-NA
MT60LP,MT60LP
MTFDDAK3T8TDT-1AW1ZABYY,MTFDDAK3T8TDT-1AW1ZABYY
MTFDDAK480TDT-1AW1ZABYY,MTFDDAK480TDT-1AW1ZABYY
MTLAMP820/1020,MTLAMP820/1020
MT-VIKI 2in 1,MT-VIKI
MU1004,MU1004
MU-12D,MU-12D
MU1MMFS,MU1MMFS
APPLE-PENCIL-2ND-GEN,MU8F2AM/A
KEYBOARD-SMART-PRO11.0,MU8G2LL/A
KEYBOARD-SMART-PRO11.0,MU8G2LL/A
KEYBOARD-SMART-PRO12.9-3RD-GEN,MU8H2LL/A
KEYBOARD-SMART-PRO12.9-3RD-GEN,MU8H2LL/A
KEYBOARD-SMART-PRO12.9-3RD-GEN,MU8H2LL/A
MUF-128BA/AM,MUF-128BA/AM
MU-PC1T0T,MU-PC1T0T
MUQX3AM/A,MUQX3AM/A
APPLE-PENCIL-USB-C,MUWA3AM/A
M-V1L-9F36,M-V1L-9F36
MV36174,MV36174
MVK502055XPRO3,MVK502055XPRO3
KEYBOARD-MAGIC-IPAD-PRO-11-M5-WHT,mwr03ll/a
KEYBOARD-MAGIC-PRO11-M4-BLK,MWR23LL/A
KEYBOARD-MAGIC-IPAD-PRO-11-M5-BLK,mwr23ll/a
KEYBOARD-MAGIC-PRO11-M4,MWR23LL/A/MWR03LL/A
KEYBOARD-MAGIC-IPAD-PRO-13-M5-WHT,mwr43ll/a
KEYBOARD-MAGIC-PRO13-M4-BLK,MWR53LL/A
KEYBOARD-MAGIC-IPAD-PRO-13-M5-BLK,mwr53ll/a
APPLE-PENCIL-PRO,MX2D3AM/A
MX6-K123R211,MX6-K123R211
KEYBOARD-SMART-PRO12.9-4TH-GEN,MXNL2LL/A
KEYBOARD-SMART-PRO12.9-4TH-GEN,MXNL2LL/A
KEYBOARD-SMART-PRO12.9-4TH-GEN,MXNL2LL/A
AIRPODS 4 NC,MXP93LL/A
KEYBOARD-MAGIC-PRO12.9-4TH,MXQU2LL/A
MXT1003MBK,MXT1003MBK
MYU3-MM-25FT-1PK,MYU3-MM-25FT-1PK
MZ-75E1T0B/AM,MZ-75E1T0B/AM
MZ-75E500B/AM,MZ-75E500B/AM
MZ76E1T0BAM,MZ76E1T0BAM
MZ-77E2T0,MZ-77E2T0
MZ-77E2T0B/AM,MZ-77E2T0B/AM
MZ-77E4T0B/AM,MZ-77E4T0B/AM
MZ-77E500B/AM,MZ-77E500B/AM
MZ-7KE1T0BW,MZ-7KE1T0BW
MZ-7KE512BW,MZ-7KE512BW
MZ-7L31T900,MZ-7L31T900
MZ-7TD500BW,MZ-7TD500BW
MZ-M5E1T0BW,MZ-M5E1T0BW
MZ-N5E250BW,MZ-N5E250BW
MZ-V5P512BW,MZ-V5P512BW
N128-SURFOU,N128
N15JP,N15JP
N204-S01-BL-LA,N204-S01-BL-LA
N4140600,N4140600
APPLE-POWER-BUNDLE,NA23093
APPLE-POWER-BUNDLE,NA23093
APPLE-POWER-BUNDLE,NA23093
AC-APPLE-LIGHTNING,NA39965-2/F8J052TT04-BLK/F8J125tt04-WHT/F8J032TT04-WHT
AC-APPLE-LIGHTNING,NA39965-2/F8J052TT04-BLK/F8J125tt04-WHT/F8J032TT04-WHT
AC-APPLE-LIGHTNING,NA39965-2/F8J052TT04-BLK/F8J125tt04-WHT/F8J032TT04-WHT
AC-APPLE-LIGHTNING,NA39965-2/F8J052TT04-BLK/F8J125tt04-WHT/F8J032TT04-WHT
NANO-VBR98,NANO-VBR98
NB-11LH,NB-11LH
NB6LH,NB6LH
NB-7L,NB-7L
NC-1-00,NC-1-00
NC1-13,NC1-13
NC1626253,NC1626253
NCM865 WIFI-7,NCM865 WIFI-7
NE1054F,NE1054F
NEC-ME551,NEC-ME551
M12LUCM,NEED PLT. NO.
H51N,NEED PLT. NO.
H61,NEED PLT. NO.
H61N,NEED PLT. NO.
WG100/B-INACTIVE,NEED PLT. NO.
MX505,NEED PLT. NO.
VOYAGER 510,NEED PLT. NO.
H361N,NEED PLT. NO.
HW261NUSB-MOC-BOEING,NEED PLT. NO.
.AUDIO 750 DSP,NEED PLT. NO.
H251,NEED PLT. NO.
.AUDIO 310,NEED PLT. NO.
.AUDIO 330,NEED PLT. NO.
.AUDIO 350,NEED PLT. NO.
CS70,NEED PLT. NO.
HW261N/DA-M MOC-Boeing,NEED PLT. NO.
VOYAGER 510S,NEED PLT. NO.
NEXIGO-360,NEXIGO-360
NF-A4x10,NF-A4x10
NF-A6x15 5V,NF-A6x15 5V
NG04T25MK,NG04T25MK
NHE-19549 CS781385-1658,NHE-19549 CS781385-1658
NJX-00001,NJX-00001
NKBMBK-X,NKBMBK-X
SCREEN-PROTECT-IPHONE4-2PK,NL-HAI4-0610/MIMIAP000010/ICC1104
SCREEN-PROTECTOR-BB9650-2PK-U,NL-HB96-0409
SCREEN-PROTECT-BB-9700,NL-HB97-1009
SCREEN-PRIVACY-BB-CURVE-U,NL-PB85-1209
NMHANDSETPTTA,NMHANDSETPTTA
NP-BG1,NP-BG1
Sony NPBN1,NPBN1
NPSA100,NPSA100
NRZAC220,NRZAC220
NT1F06AF-35,NT1F06AF-35
NT1U-220TC,NT1U-220TC
NT2K03BA,NT2K03BA
NT2K22CA35,NT2K22CA35
M2616S,NT2K50SS35
NT2N30AA-35,NT2N30AA-35
NT4X20AA,NT4X20AA
NT4X31-03,NT4X31-03
NT4X34EA35,NT4X34EA35
M518-BLACK,NT4X38-03
M5208,NT4X4203
NT8B20-03,NT8B20-03
NT8D09BA,NT8D09BA
M2008D,NT9K08AD-03
NT9K16AC03-REFURB,NT9K16AC03
NT9K16AC35-REFURB,NT9K16AC35
NTE190,NTE190
NTEX14MBE6.,NTEX14MBE6
NTEX14MBE6,NTEX14MBE6
NTMN15BA70,NTMN15BA70
NTMN15BA70,NTMN15BA70
NTMN33GA-70R-MOD,NTMN33GA-70R-MOD
NTMN34BA66N,NTMN34BA66N
NTMN34GA-70R-MOD,NTMN34GA-70R-MOD
NUC10i7FNK1,NUC10i7FNK1
NVJHI6541,NVJHI6541
NX29747,NX29747
SCREEN-PROTECT-IPHONE6PLUS,OEOPAP000102/SFUC0-API65-9A0
SCREEN-PROTECT-IPAD-PRO9.7,OEOTAP000005
OFF65807,OFF65807
OFF65807,OFF65807
OFFBOARD-WHT,OFFBOARD-WHT
OHP19-LASER-A3x50,OHP19-LASER-A3x50
OL-3L,OL-3L
OM1-LC-LC-SX-FS-5M-PVC,OM1-LC-LC-SX-FS-5M-PVC
OMNIxi,OMNIxi
OP2HA004,OP2HA004
OSS-4UV-FANSPD-CNTRL,OSS-4UV-FANSPD-CNTRL
P0780135,P0780135
P0780235,P0780235
P-11-BITS-11,P-11-BITS-11
P131-06N-MICRO,P131-06N-MICRO
P136-06N-H2V2LB,P136-06N-H2V2LB
P2425E,P2425E
P2425HE,P2425HE
P261N-U10P,P261N-U10P
P3421W,P3421W
P351-U10P,P351-U10P
ASIN B08L5M52P7,p3-ip12
p3-sm-A35-5G,p3-sm-A35-5G
P4522.BLACK,P4522.BLACK
P49-5771,P49-5771
010-0210-03,P4CNLNCD-10B
010-0210-03,P4CNLNCD-10B
P4CONDLNCD-7FT,P4CONDLNCD-7FT
P4CONDLNCD-7FT,P4CONDLNCD-7FT
P502- 010,P502- 010
P568-030,P568-030
P580-006,P580-006
P580-010,P580-010
P580-025,P580-025
P7111,P7111
P-80A,P80-A
P85147A,P85147A
P91-U10P,P91-U10P
PA03670-B105,PA03670-B105
PA-72H,PA-72H
PA835AK,PA835AK
PA-90W,PA-90W
MPOW PAMPBH059AD-USAA1-PTX,PAMPBH059AD-USAA1-PTX
PAMPBH298AB-USAA2,PAMPBH298AB-USAA2
PANZER-0504,PANZER-0504
PB-388,PB-388
PBH-251-6FP,PBH-251-6FP
PC-10X-BLK-E,PC-10X-BLK-E
PC11,PC11
PC11 INK,PC11 INK
PC5S-GR-100,PC5S-GR-100
PC5S-GY-100,PC5S-GY-100
PC5S-RE-100,PC5S-RE-100
PE3C0119-6,PC5S-WH-100
PC6-RE-02,PC6-RE-02
PC6S-GY-100,PC6S-GY-100
PC8S-BL-05-EZ,PC8S-BL-05-EZ
PC-A27A-BLK,PC-A27A-BLK
PC-A32A-BLK,PC-A32A-BLK
PC-A32A-BLU,PC-A32A-BLU
PC-ADAPT-1316,PC-ADAPT-1316
PCI4S550N,PCI4S550N
PCIe4-SIO8BX2,PCIe4-SIO8BX2
PC-MN5-BLK-E,PC-MN5-BLK-E
119 5309,PCSJ25OR
119 5200,PCSJ25YL
PC-T21A-GBLK,PC-T21A-GBLK
LC-IPAD-M-EDGE-FOLIO-BLK-U,PD5-SC-MF-B
PD6203,PD6203
PE3492-60,PE3492-60
PE3C1528-6,PE3C1528-6
PE3W03859-6,PE3W03859-6
PE6172,PE6172
PER004,PER004
PERIDUO-505 US,PERIDUO-505 US
PERIMICE-718,PERIMICE-718
PEXUSB3S4V,PEXUSB3S4V
PF140W9B,PF140W9B
PFD+R08C50ABM,PFD+R08C50ABM
SCREEN-PROTECT-BB-9850-U,PHBBBB000076
PHC-IV-06,PHC-IV-06
Philips remote control,Philips remote control
PHNDSTCD-M25,PHNDSTCD-M25
MOUNT-WINSHIELD-KIT-U,PHW-203-BL
Pi3-Model B+StarterKit-16GB,PI3P-STR16-C4-BLK
Pi3-Model B+StarterKit-32GB,PI3P-STR32-C4-BLK
PI4-8GB-MAX64EWF-C4-WHT,PI4-8GB-MAX64EWF-C4-WHT
PILCLHCOV1,PILCLHCOV1
PJ609B,PJ609B
PLC-XP30,PLC-XP30
PLT1M-C00,PLT1M-C00
PL-USB2-BLASTER,PL-USB2-BLASTER
PM161W,PM161W
PM9600-DKHP910RK10,PM9600-DKHP910RK10
PMNN4547A,PMNN4547A
PN557W,PN557W
PN-Y556,PN-Y556
POTHMCSDAD01,POTHMCSDAD01
POWERSHOT A480,POWERSHOT A480
PowerShot ELPH 360 HS -SD32GB,PowerShot ELPH 360 HS -SD32GB
PPB-220B,PPB-220B
PR06-Green,PR06-Green
465972-C4,PR605
PR615,PR615
PRC30,PRC30
BLKBRY-SMARTCARD-READER-U,PRD-16951-001
Prime X Haptic VR,Prime X Haptic VR
PRORECK-RC-2,PRORECK-RC-2
SAHARA-PROTECTION-10.9,PROTECTION
PS-11A-WPW,PS-11A-WPW
PS-15A-WPW,PS-15A-WPW
PS951,PS951
569204-Stock,PSL36Blue
PSLFK10-01B,PSLFK1
PT-FW530U,PT-FW530U
B-HOL-KYO-DURAXE,PT-HOL-KY-DURAXE
PTP900W,PTP900W
PTS-00079-201,PTS-00079-201
PTT-500M-47,PTT-500M-47
PTT-K-M-00,PTT-K-M-00
PTTKMEM80-00,PTTKMEM80-00
PTTKMEM80-00,PTTKMEM80-00
PTT-K-M-EM-80-RP-00,PTT-K-M-EM-80-RP-00
PTT-K-M-NC-2-00,PTT-K-M-NC-2-00
PTTKMNC-4-00,PTTKMNC-4-00
PT-WC-11,PT-WC-11
PULSAR 590A,PULSAR 590A
PW-2407WU,PW-2407WU
PW-919,PW-919
PWMA220BM,PWMA220BM
PWR-12VML,PWR-12VML
PWR3,PWR3
PWR-BGA12V50W0WW,PWR-BGA12V50W0WW
CL-BATT-BOOSTER-POWERCELL,PWRCELL3CABEVR
CL-BATT-BOOSTER-POWERCELL,PWRCELL3CABEVR
PWR-TAHQC3.0N,PWR-TAHQC3.0N
PXT515C158,PXT515C158
Q2078A,Q2078A
Q2078AN,Q2078AN
Q2474A#401,Q2474A#401
Q3,Q3-BK-USEN-US
Q3,Q3-BK-USEN-US
Q3i,Q3i-BK
Q3i,Q3i-BK
QF2W4K,QF2W4K
QMM45,QMM45
QN49Q6FNAFXZA,QN49Q6FNAFXZA
QN65Q7FAAFXZA,QN65Q7FAAFXZA
QN65S90DAFXZA,QN65S90DAFXZA
QN85Q7FAAFXZA,QN85Q7FAAFXZA
QPC583,QPC583
QPC705,QPC705
QS-1000002-BL,QS-1000002-BL
QS-1020002-BL,QS-1020002-BL
QS-1022122-BL,QS-1022122-BL
QS-1050002-BL,QS-1050002-BL
QSU61F,QSU61F
R2E4,R2E4
R64-HS,R64-HS
R-75-16,R-75-16
R-86-8,R-86-8
RAM-202-400,RAM-202-400
RAM-138-TAB20U,RAM-202-400
RAM-HOL-TABL20U,RAM-HOL-TABL20U
RAM-VB-184T-SW1,RAM-VB-184T-SW1
LC-REBEL-IPHONE-13-BLACK,RB175BKHL
LC-OTTER-BLKBRY-9560-IMPACT,RBB19650S20C5OTR
LC-OTTER-BLKBRY-9300-DEF-BLK-U,RBB2-9300S20E4OTR
LC-OTTER-BLKBRY-9300-COMM-BLUE-U,RBB48500S46C50TR
LC-OTTER-BLKBRY-9300-COMM-BLK-U,RBB49300S20E4OTR
LC-OTTER-BB-9700-COMMUTER-BLK,RBB4-9700S-20-C5OTR
LC-OTTER-BB-9700-COMMUTER-BLK,RBB4-9700S-20-C5OTR
LC-OTTER-BB-9700-COMMUTER-BLK,RBB4-9700S-20-C5OTR
LC-OTTER-BLKBRY-9800-COMM-BLK,RBB49800S20E4OTR
LC-OTTER-BLKBRY-9900-COMM-BLK-U,RBB49900S20E4OTR
LC-OTTER-BLKBRY-9850-COMM-BLK-U,RBB4TRC9820E4OTR
RBH841,RBH841
RB-Mav-62,RB-Mav-62
RC-4864-HH,RC-4864-HH
RC-4864-HH,RC-4864-HH
RCA-25201RE1,RCA 25201RE1
RCA-25211,RCA-25211
RD-20,RD-20
REF-228680-01,REF-228680-01
REL-185-4006-CHCO,REL-185-4006-CHCO
RF1601NS2DFHTL,RF1601NS2DFHTL
RF-TVXLEXA,RF-TVXLEXA
RG-KM,RG-KM
LC-POUCH-SMALL-VERT-U,RGPCHVERTLGBLK
RHP-BOS-USBC-IF,RHP-BOS-USBC-IF
RJ45SPLITTER,RJ45SPLITTER
RM81C-1000NW,RM81C-1000NW
RODPJSX5P720,RODPJSX5P720
ROLLERMOUSE-RED-W,RollerMouse Red
ROLM 120-REFURB,ROLM 120
RP120,RP120
RP240,RP240
RP400,RP400
RP400-NI,RP400
RPE-48-BD,RPE-48-BD
RPE-48-BD,RPE-48-BD
RP-PB058-2,RP-PB058-2
RR-USB2-EXT-10FT,RR-USB2-EXT-10FT
RS51C0-TESNWR,RS51C0-TESNWR
RSC-RR1U-E16,RSC-RR1U-E16
RSH-A10,RSH-A10
RVF-00052,RVF-00052
S M135-PTT/CISCO,S M135-PTT/CISCO
S M135-PTT/MM,S M135-PTT/MM
S M5400-BOTH-PTT,S M5400-BOTH-PTT
S-11823,S-11823
S-1269P,S-1269P
S-13699BLU,S-13699BLU
S-15316,S-15316
S-22322,S-22322
S-22635,S-22635
SCREEN-SAM-S24FE-AMFIL,S24FE-6.7
LC-GOLDJU-SAM-S24FE-BL,S24FE-6.7
ANTSHARE-S25FE,S25 FE
Ink'd +,S2IMY-M448
HDST-STEREO-3.5MM-BLK-SC,S2PGFY-003
HDST-STEREO-3.5MM-WHITE-SC,S2PGY-K611/S2PGFY-328/S2SYDA-177/S2FXFW-075/S2FFFA-257/S2FFDA-075
HDST-STEREO-3.5MM-WHITE-SC,S2PGY-K611/S2PGFY-328/S2SYDA-177/S2FXFW-075/S2FFFA-257/S2FFDA-075
HDST-STEREO-3.5MM-WHITE-SC,S2PGY-K611/S2PGFY-328/S2SYDA-177/S2FXFW-075/S2FFFA-257/S2FFDA-075
S302-1148,S302-1148
S-3565,S-3565
S-6680P,S-6680P
SKULLCANDY-HESH-2,S6HBGY-374
S-7315,S-7315
S9HD,S9HD
SA1900-SG,SA1900
LC-SAM-GAL-NOTE5-INCIP-GRAY,SA-695-GMGY
LC-SAM-GAL-S7-EDGE-INCIP-DUAL-BLK,SA-745-BLK
LC-SAM-GAL-S8-INCIP-HAVEN-BLK,SA-834-BLK
SACCZ88256GA,SACCZ88256GA
SAC-MPP-3BCHGUS1-01,SAC-MPP-3BCHGUS1-01
SAC-RS51-8SCHG-01 ,SAC-RS51-8SCHG-01 
LC-OTTER-SAM-GALAXYS2-COMM-BLK,SAM4-I777X20E4OTR
SCREEN-GLASS-SAM-S8-VERIZON,SAMDM1PKGSPBK
SASMT290NZKA,SASMT290NZKA
SAT2IDEADP,SAT2IDEADP
SATA18POW,SATA18POW
SATA18POW,SATA18POW
CL-LG-GU292-STD-OEM-U,SBPL0098201
CL-LG-COSMOS-TOUCH-STD-OEM-U,SBPL0099702
CL-LG-GR500-STD-OEM-U,SBPP0026901
CL-LG-GR500-STD-OEM-U,SBPP0026901
CL-LG-GR500-STD-OEM-U,SBPP0026901
SBWD60MS01,SBWD60MS01
SCM SCR3310,SCM SCR3310
SCR3310/V2,SCR3310/v2
SCREEN-GLASS-IPHONE-16E-JETECH,SCREEN-GLASS-IPHONE-16E-JETECH
SCREEN-GLASS-IPHONE-XR-PRIVACY,SCREEN-GLASS-IPHONE-XR-PRIVACY
SCREEN-IPHONE-12-ARAE,SCREEN-IPHONE-12-ARAE
SCREEN-JETECH-A54,SCREEN-JETECH-A54
SCREEN-JETECH-SAM-GAL-A54,SCREEN-JETECH-SAM-GAL-A54
SCREEN-NC-SAM-GAL-S20FE,SCREEN-NC-SAM-GAL-S20FE
SCREEN-P2425,SCREEN-P2425
SCREEN-UNIQ-SAM-S20FE,SCREEN-UNIQ-SAM-S20FE
SCREEN-PROTECTOR-3PK-U,SCRN2PKANTVNVGSDL
SCREEN-PROT-ANTI-U,SCRN2PKANTVNVSDL
SCREEN-PROTECT-GALAXYS4,SCRNGS4ANT2PKSDL
SCREEN-PROTECT-S4-MINI,SCRNGS4MANT2PKSDL
SCREEN-PROTECT-IPAD-MINI3-U,SCRNIMINIANT2PKCT
SCREEN-PROTECT-BLKBRY-Q10,SCRNQ102PKANTSDL
SCREEN-PROTECT-BLKBRY-Q10,SCRNQ102PKANTSDL
SCREEN-PROTECT-BLKBRY-Z10,SCRNRM100ANT2PSDL/OEOPBB000006
SCS 2368,SCS 2368
SCT-7001,SCT-7001
SCT-7001,SCT-7001
SCT-70016 GRAY,SCT-70016 GRAY
SCT-7002,SCT-7002
32GBSDHC,SD10VG2/32GB
64GBMICROSD,SDC10G2/64GB /SDSDQUA-064G-A46A
16GBMICROSD,SDC4/16GB/SDSDQM-016G-B35/SDSDQ-016G-A11M
16GBMICROSD,SDC4/16GB/SDSDQM-016G-B35/SDSDQ-016G-A11M
16GBMICROSD,SDC4/16GB/SDSDQM-016G-B35/SDSDQ-016G-A11M
16GBMICROSD,SDC4/16GB/SDSDQM-016G-B35/SDSDQ-016G-A11M
SDCIT2/16GB,SDCIT2/16GB
SDCIT2/32GB,SDCIT2/32GB
SD-CM-UAUD,SD-CM-UAUD
SDCZ36-032G-B35,SDCZ36-032G-B35
SDCZ48-016G-U46,SDCZ48-016G-U46
SDCZ60-128G-A46,SDCZ60-128G-A46
SDCZ60-128G-A46,SDCZ60-128G-A46
SDOCK2U313R,SDOCK2U313R
SDOCK2U33RE,SDOCK2U33RE
SDOCK2U33RE,SDOCK2U33RE
16GBSDHC,SDSDB-016G-A46
SDSDB-032G-A46,SDSDB-032G-A46
SDSDB-032G-A46,SDSDB-032G-A46
80172-USB ONLY,SDSDH002GA11
80172,SDSDH002GA11
80172,SDSDH002GA11
80172-USB ONLY,SDSDH002GA11
80172-USB ONLY,SDSDH002GA11
80172-USB ONLY,SDSDH002GA11
80172,SDSDH002GA11
SDSDQ-032G-A11M,SDSDQ-032G-A11M
4GBMICROSD,SDSDQM-004G-B35A
4GBMICROSD,SDSDQM-004G-B35A
32GBMICROSD,SDSDQM-032G-B35A/SDSQUNC032GAN6MA/SDSDQUA-032G-A46A
MEMCRD-4GB,SDSDRH-004G-A11
8GB-SD-MEMORY-CARD,SDSDRX3-8192-A21
64GBSD-ULTRA,SDSDUNC-064G-GN6IN
SDSDUNR-064G-GN6IN,SDSDUNR-064G-GN6IN
32GBSDHC-ULTRA,SDSDUSC-032G-AN6IN
SDSDXVF-256G-ANCIN,SDSDXVF-256G-ANCIN
SDSDXXD-128G-ANCIN,SDSDXXD-128G-ANCIN
SDSDXXD-1T00-ANCIN,SDSDXXD-1T00-ANCIN
SDSDXXY-064G-GN4IN,SDSDXXY-064G-GN4IN
SDSDXXY-256G-GN4IN,SDSDXXY-256G-GN4IN
SDSQUBQ-128G-GNGMA,SDSQUBQ-128G-GNGMA
SDSQUNC-016G-AN6MA,SDSQUNC-016G-AN6MA
64GB-MSD-SANDISK,SDSQUNC-064G-GN6MA
128GBSDXC,SDSQUNC-128G-AN6IA
128GBSDHC,SDSQUSC-128G-ANCMA
SDSQXA1-512G-GN6MA,SDSQXA1-512G-GN6MA
SDSQXAV-256G-AN6MA,SDSQXAV-256G-AN6MA
SDSSDH3-1T00-G25,SDSSDH3-1T00-G25
SE-159MC-6,SE-159MC-6
SE20-Kit,SE20-Kit
S-E2470,S-E2470
267C,SE-267C
267C,SE-267C
SE-625A2-4-50,SE-625A2-4-50
SE-630ABC6-44,SE-630ABC6-44
SEL1635GM2,SEL1635GM2
SEN-27544,SEN-27544
SENEO-PA014-FWC,Seneo 2-Coil Fast Wireless Charger
SF-105-0.5M,SF-105-0.5M
Sony SF-64UY3/TQ,SF-64UY3/TQ
SF9914,SF9914
SF9916,SF9916
SFF-756-1M,SFF-756-1M
SF-NDAAFF100G-003M,SF-NDAAFF100G-003M
SFP-BIDI,SFP-BIDI
SCREEN-PROTECT-IPHONE6,SFUC0-API64-9A0/IPPOWC-F00
SCREEN-PROTECT-SAM-S7,SFUC0-SAGS7-3C0/OEOPSA000180
SF-XP85B102DX-000,SF-XP85B102DX-000
SCREEN-GLASS-PROTECT-IPHONE7-U,SGAC0-API70-9C0
LG-USB-CABLE-CU515-U,SGDY0010901
SHE2641/27,SHE2641/27
SHR2233-01,SHR2233-01
SIL-RUB-STR062x1x10,SIL-RUB-STR062x1x10
SIL-RUB-STR125x1x10,SIL-RUB-STR125x1x10
SIL-RUB-STR187x1x10,SIL-RUB-STR187x1x10
SIXFAB-CELL-MODEM-KIT,SIXFAB-CELL-MODEM-KIT
sixfab-raspberry-pi,sixfab-raspberry-pi
SJIC41P,SJIC41P
SK8-00,SK8-00
SKU-04-Black,SKU-04-Black
skywin-tripod,skywin-tripod
SM2DUPE11,SM2DUPE11
AC-DUAL-USB-TYPE-C-U,SM45CL-01
SMART2200RMXL2U,SMART2200RMXL2U
SMBJ8.0A,SMBJ8.0A
SMBJ6.0A,SMBJ8.0A
SMC1500C,SMC1500C
SM-G781UZBMXAA,SM-G781UZBMXAA
LC-SAM-GAL-S7-ADURO-COMBO,SMGS7-CR01-HCS
Galaxy Buds-Black,SM-R170NZKAXAR
SM-R175NZKAXAR,SM-R175NZKAXAR
SM-R510NZWAXAR,SM-R510NZWAXAR
SM-R510NZWAXAR,SM-R510NZWAXAR
SMT1500,SMT1500
SMT1500RM2UC,SMT1500RM2UC
SM-T350NZAAXAR,SM-T350NZAAXAR
SMX120RMBP2U,SMX120RMBP2U
SM-X200/X205/X207,SM-X200/X205/X207
SMX3000RMHV2UNC,SMX3000RMHV2UNC
CL-MOT-RAZR-V3-STD-OEM,SNN5696/CL-V3-LITH
CL-MOT-RAZR-V3-STD-OEM,SNN5696/CL-V3-LITH
CL-MOT-RAZR-V3-STD-OEM,SNN5696/CL-V3-LITH
CL-MOT-RAZR-V3XX-STD-OEM,SNN5789
CL-MOT-EM330-STD-OEM-U,SNN5804B
Sony DSCWX220/B,Sony
STYLUS-IPAD-KACVTUY,SP01-WHITE
SP300,SP300
SPA942,SPA942
SP-CEIL-UNIV,SP-CEIL-UNIV
Speck G2,Speck G2
SP-EXTARM-01,SP-EXTARM-01
SCREEN-PROTECT-GALAXYS5,SP-HD-SAM-GS5-3
SPID-1110,SPID-1110
SPID-1650,SPID-1650
B-HOL-SPECK-UNIV-SW,SPK-A0098
LC-IPAD3-SPECK-FIT-BLK,SPK-A1186
LC-SAM-GALAXY-TAB-2-10.1-SPECK,SPK-A1799
SP-LAMP-022,SP-LAMP-022
SP-LAMP-LP1,SP-LAMP-LP1
SP-LTMT-PLTB,SP-LTMT-PLTB
SCREEN-PROTECT-BLKBRY-PASSPORT,SPM1BBPP-2/OEOPBB000123
SCREEN-PROTECT-BLKBRY-PASSPORT,SPM1BBPP-2/OEOPBB000123
PC-MOT-RAZR-V3,SPN5401/411954/SYN1630/381289
PC-MOT-RAZR-V3,SPN5401/411954/SYN1630/381289
AC-ONLY-MOT-RAZR-V3,SPN5404A
AC-ONLY-MOT-RAZR-V3,SPN5404A
AC-ONLY-MOT-RAZR-V3,SPN5404A
B-HOL-ALPHA-LEGEND,Spok T5
B-HOL-ALPHA-LEGEND,Spok T5
SPS-DS,SPS-DS
SQWAN-8895,SQWAN-8895
S-R1428,S-R1428
S-S35,S-S35
AC-ONLY-LG-MICRO-OEM-U,SSAD0031901
SSDPEKNW010T8X1,SSDPEKNW010T8X1
SSDPEKNW512G8X1,SSDPEKNW512G8X1
SS-GS23-ONX-DGRN-824,SS-GS23-ONX-DGRN-824
ST1000LM049,ST1000LM049
ST1000SPEX2,ST1000SPEX2
ST16000NE000,ST16000NE000
ST-304-050SL,ST-304-050SL
ST3300GU3B,ST3300GU3B
ST3300GU3B,ST3300GU3B
ST4000NM0125,ST4000NM0125
ST4200MINI2,ST4200MINI2
ST500DM002,ST500DM002
ST511290-CC,ST511290-CC
ST62471,ST62471
ST62471,ST62471
ST62472,ST62472/USBC2H4MM60HZ-AA
ST62472,ST62472/USBC2H4MM60HZ-AA
ST7200USBM,ST7200USBM
STAND-V100HU,STAND-V100HU
STEVAL-MKI245KA,STEVAL-MKI245KA
STFR2000800,STFR2000800
STGX2000400,STGX2000400
STHP5000402,STHP5000402
STL-N-381,STL-N-381
STN-G80-A12A-14B5M-24V,STN-G80-A12A-14B5M-24V
APL-STUDIO-DS,studio-display
SUM1500RMXL,SUM1500RMXL
UBGrips25FE,SUP-Galaxy2025-S25FE-UBGrip-Black
LC-SAM-GALAXY-S6-ACTIVE-ARMBAND,SUP-Galaxy-S6-Active-Armband
SUP-Galaxy-S7Active-UBPRO,SUP-Galaxy-S7Active-UBPRO
SW-P22L,SW-P22L
SYN0060C,SYN0060C
ADAPT-MOT-MICROUSB-2.5MM,SYN2112
ADAPT-MOT-MICROUSB-3.5MM,SYN2113A
S201A,SYS 75/85 ISDN
LC-APPPLE-IPAD-T21-5753,T21-5753
T21-5957,T21-5957
T40203,T40203
MOUNT-IGRIP-CAR-U,T5-1843
T68/C,T68/C
T7208,T7208
T7316E,T7316
TA465-2M,TA465-2M
TalkPro SC,TalkPro SC
TB00016,TB00016
TB-593,TB-593
TB-593,TB-593
MAXC5FOLY,TBA
CL-BATT-BOOST-INNERGIE-U,TBP3000ANA
TBW-107UB,TBW-107UB
TCN-10,TCN-10
TCR001US,TCR001US
TCR167PCI,TCR167PCI
TEC-331-C,TEC-331-C
TEL10X6BK,TEL10X6BK
Teledex iPhone DECT,Teledex iPhone DECT
TEST ITEM 608,TEST ITEM 608
TFC2944,TFC2944
LC-IPAD-TARGUS-SAFEPORT-U,THD012US
LC-IPAD-SAFEPORT-RED-U,THD04503US
LC-DELL-LATITUDE-11-5179-TARGUS-BLK,THD462USZ
TH-TSS-PK7,TH-TSS-PK7
THZ17101US,THZ17101US
LC-IPAD-AIR-FLIP,THZ634GL
LC-TARGUS-VERSAVU-FOLIO-BLK,THZ636US
LC-IPHONE4-SKIN-WHITE,T-IPHO4-WHI
TL-052-PKG,TL-052-PKG
TL410P-R6,TL410P-R6
TPTLSF1005P,TL-SF1005P
TL-SG108E,TL-SG108E
TLV3202AIDGKR,TLV3202AIDGKR
TM1000A,TM1000A
45J3973,TMS-RJS-RIBBON-4HT
TMS-RJS-RIBBON-4HT,TMS-RJS-RIBBON-4HT
Tone Commander 8810,Tone Commander 8810
LC-CASE-TORRAS-S20,Torras Galaxy S20 FE Case
TP3856-25,TP3856-25
TP500110-2,TP500110
TP500110-1,TP500110
TP510410,TP510410
TP-APPLE-T90,TP-APPLE-T90
Tr12951-22,Tr12951-22
TRADE-IN ONE FOR ONE-PLANTRONICS SPAR,TRADE-IN ONE FOR ONE-PLANTRONICS SPAR
AC-ONLY-GZONE-C731-OEM-U,TRC731
AC-ONLY-GZONE-C731-OEM-U,TRC731
TRD695APBLU-100,TRD695APBLU-100
TRD695APGRN-100,TRD695APGRN-100
TRD695APWHT-100,TRD695APWHT-100
TRD695SCR-BLK-15,TRD695SCR-BLK-15
TRD695SCR-GR-1,TRD695SCR-GR-1
TRD695SCR-GR-10,TRD695SCR-GR-10
TRD695SCR-GR-2,TRD695SCR-GR-2
TRD855HFO-50,TRD855HFO-50
TRD855HFO-50,TRD855HFO-50
TRD855SCRBL-10,TRD855SCRBL-10
TRD855SCRBL-10,TRD855SCRBL-10
TRD855SCRBL-15,TRD855SCRBL-15
TRD855SCRBL-20,TRD855SCRBL-20
TRD855SCRBL-3,TRD855SCRBL-3
TRD855SCRBL-30,TRD855SCRBL-30
TRD855SCRBL-7,TRD855SCRBL-7
TRD855SCRGR-5,TRD855SCRGR-5
TRD855SCRY-10,TRD855SCRY-10
TRD855SCRY-15,TRD855SCRY-15
TRD855SCRY-20,TRD855SCRY-20
TRD855SCRY-3,TRD855SCRY-3
TRD855SCRY-30,TRD855SCRY-30
TRD855SCRY-30,TRD855SCRY-30
TRD855SCRY-7,TRD855SCRY-7
TRDC5EXT-3,TRDC5EXT-3
TRGPA401-2M,TRGPA401-2M
TRGPA401-2M,TRGPA401-2M
TRI-800A,TRI-800A
TS128GCFX600,TS128GCFX600
128GBSD-UHS-I U3,TS128GSDC300S
TS703CR,TS703CR
TSB933US,TSB933US
TS-H1283XU-RP,TS-H1283XU-RP
TSJ150-WM-150-6,TSJ150-WM-150-6
TS-RDF2,TS-RDF2
LC-SAM-GALAXYS7-SNAP,TSSS70202_HB
TU3-ETG,TU3-ETG
TVOR-STHF-BW,TVOR-STHF-BW
TVR300,TVT300
TXL617,TXL617
TXL717,TXL717
TYPE 4189-1/2 INCH MIC,TYPE 4189
TZE421G,TZE421G
TZE421G,TZE421G
U024-010,U024-010
U026-10M,U026-10M
LC-IPAD-M-EDGE-STEALTH-U,U10-S36-MF-B
HDMI-DVI-6FT,U12-41595
HDMI-ETHERNET-6FT,U12-42124
U-174,U-174
U185FHLS,U185FHLS
U209-000-R,U209-000-R
FLIP-ULTRAHD-WHITE,U2120W
U360-004-SLIM,U360-004-SLIM
U360-004-SLIM,U360-004-SLIM
U3A00069-2M,U3A00069-2M
U442-DOCK5D-GY,U442-DOCK5D-GY
UA50-HW261N,UA-50/ 27190-01 / 64339-31
LC-IPAD-AIR2-UAG-FOL-BLK,UAG-IPDAIR2-BLKVP
LC-IPAD-MINI4-UAG-BLK,UAG-IPDM4-BLK-VP
LC-IPAD-MINI4-UAG-BLK,UAG-IPDM4-BLK-VP
UCN3270,UCN3270
UDP-14AP-KIT-6,UDP-14AP-KIT-6
UL800CB-15,UL800CB-15
Ulanzi-2215,Ulanzi-2215
ULANZI-2287,ULANZI-2287
ULM202-USB,ULM202-USB
SP-UM02-BONKE,UM02
UN43DU7200FXZA,UN43DU7200FXZA
UN55NU7100,UN55NU7100
UN55U8000FFXZA,UN55U8000FFXZA
UN58U7900FFXZA,UN58U7900FFXZA
UN85AU8000FXZA,UN85AU8000FXZA
UN-BTS200,UN-BTS200
UNICLA19211,UNICLA19211
UNICLA20029,UNICLA20029
UniTM001,UniTM001
LC-IPAD-AIR-FOLIO-BLK,UNV-100-BLKGRY/F7N100B1C00/F7N056B1C00
UPORT 1410,UPORT 1410
UR29,UR29
US1GC30B,US1GC30B
US2018,US2018
VCZHS-EXT-20,usb extension cord
USB-16GB-SANDISK-5PK,USB-16GB-SANDISK-5PK
USB2-AA-10ST,USB2-AA-10ST
USB2AC6FBKE,USB2AC6FBKE
USB2-RS232WN-10-ND,USB2-RS232WN-10-ND
USB2-RS232WN-10-ND,USB2-RS232WN-10-ND
USB31000SW,USB31000SW
USB-32GB-KINGSTON-10PK,USB-32GB-KINGSTON-10PK
USB-8GB-VERBATIM-1PK,USB-32GB-KINGSTON-10PK
USB3C2ESAT3,USB3C2ESAT3
USB3SAA3MBK,USB3SAA3MBK
USB-4311B,USB-4311B
USB-AMIB6,USB-AMIB6
USB-AUDIO,USB-AUDIO
USB-BT4LE,USB-BT4LE
USB-BT500,USB-BT500
USB-C-PW,USB-C-PW
USBEXTAA10BK,USBEXTAA10BK
USBMBADAPT,USBMBADAPT
US-CAB-65,US-CAB-65
Q2,USEN-BAW-Q2
Q2,USEN-BAW-Q2
Q2,USEN-BAW-Q2
Q2,USEN-BAW-Q2
S4,USEN-BAW-S4
S4,USEN-BAW-S4
USR5637,USR5637
UT-6937-6,UT-6937-6
UTA-WH-VPS,UTA-WH-VPS
UTA-WH-VPS,UTA-WH-VPS
UTA-WH-VPS- old,UTA-WH-VPS
ADAPT-MINIUSB-MICROUSB,UUSBMUSBMF/SKN6252
ADAPT-MINIUSB-MICROUSB,UUSBMUSBMF/SKN6252
ADAPT-MINIUSB-MICROUSB,UUSBMUSBMF/SKN6252
ADAPT-MINIUSB-MICROUSB,UUSBMUSBMF/SKN6252
1Y8869,V104180BU000
V11H956620,V11H956620
V11HB57020,V11HB57020
V12H002S4Y,V12H002S4Y
V7USBCDP14-2M,V7USBCDP14-2M
VAD9998240000,VAD9998240000
VAP FM-1,VAP FM-1
VAP FM-1,VAP FM-1
Varjo Aero,Varjo Aero
VC-110-HEADPHONES,VC-110-HEADPHONES
VCGGTX480XPB,VCGGTX480XPB
VCNRTXA5000-BLK,VCNRTXA5000-BLK
VCQ6000-PB,VCQ6000-PB
VCQRTX5000-PB,VCQRTX5000-PB
VE-5x5,VE-5x5
VECS124-WHT,VECS124-WHT
VEL12US050-US-JA,VEL12US050-US-JA
VER1980924,VER1980924
VER96196,VER96196
VER98664,VER98664
VGC6,VGC6
SCREEN-SAM-GAL-S24,VG-GGFLEXF212SS04A
SCREEN-SAM-GAL-S24+,VG-GGFLEXF212SS05A
SCREEN-SAM-GAL-S24-ULTRA,VG-GGFLEXF212SS06A
SCREEN-GLASS-IPHONE-16,VG-GGGLASF211AP01A
SCREEN-GLASS-IPHONE-16PRO,VG-GGGLASF211AP03A
SCREEN-GLASS-IPHONE-16PROMAX,VG-GGGLASF211AP04A
SCREEN-GLASS-SAM-GAL-A54,VG-GGGLASF211SS16A
SCREEN-GLASS-SAM-GAL-S23-FE,VG-GGGLASF211SS16A
SCREEN-SAM-GAL-S24-FE,VG-GGGLASF211SS31A
SCREEN-IPHONE-13PRO/14-2PK,VG-GGGLPAD229AP01A
VIVE Focus 3,VIVE Focus 3
vive wireless adapter,vive wireless adapter
vive-pro-eye-office,vive-pro-eye-office
VIV-HSC-4-BLK,VIV-HSC-4-BLK
VIVITAR-SD-RDR,VIV-RW-3000-BLK
VK-VR-1B,VK-VR-1B
VLSD,VLSD
VLT-XL8LP,VLT-XL8LP
AC-ONLY-INTL-CONV-U,VM 3
VM51C,VM51C
VM-605,VM-605
VM-605,VM-605
VM-605,VM-605
VMDLW,VMDLW
8200-REPL-PADS,Voyager 8200UC
VP228H,VP228H
VP6495,VP6495
VPL-FHZ58,VPL-FHZ58
VPL-FHZ58,VPL-FHZ58
VSL188NC,VSL188NC
VSP-HDMI1x2-4K,VSP-HDMI1x2-4K
VSP-HDMI2-1x4,VSP-HDMI2-1x4
SCREEN-GLASS-IPHONE-XR,VTBIPLC208AP02V
SCREEN-GLASS-IPHONE-XR,VTBIPLC208AP02V
SCREEN-GLASS-IPHONE-11,VTBIPLC208AP02V
SCREEN-GLASS-IPHONE-11,VTBIPLC208AP02V
SCREEN-GLASS-IPHONE-XR,VTBIPLC208AP02V
SCREEN-GLASS-IPHONE-XS,VTBIPLC208AP26V
SCREEN-GLASS-IPHONE-XS,VTBIPLC208AP26V
SCREEN-GLASS-IPHONE-11-PRO,VTBIPLC208AP26V
SCREEN-GLASS-IPHONE-11-PRO,VTBIPLC208AP26V
SCREEN-PROTECT-SAM-S8-ACTIVE,VTBIPLC208SS34V/GGBIPLC208SS02A
PRIVACY-GLASS-IPHONE-12,VTBIPPD228AP06A
SCREEN-GLASS-IPHONE-13PROMAX,VTGLA1D228AP07A
SCREEN-GLASS-IPHONE-14-PRO-MAX,VTGLA1D228AP08A
SCREEN-IPHONE-16,VTGLA1F211AP13A
SCREEN-IPHONE-16-PLUS,VTGLA1F211AP14A
SCREEN-IPHONE-16-PRO,VTGLA1F211AP15A
SCREEN-IPHONE-16-PRO-MAX,VTGLA1F211AP16A
SCREEN-IPHONE-16e,VTGLA1F211AP17A
SCREEN-SAM-GAL-S25,VTGLAS1F211SS12A
SCREEN-SAM-GAL-S25+,VTGLAS1F211SS13A
SCREEN-SAM-GAL-S25-ULTRA,VTGLAS1F211SS14A
SCREEN-SAM-GAL-S25-EDGE,VTGLAS1F211SS15A
U236-000-GBW,VW0233
VW-VBN130,VW-VBN130
VX-1001-KIT,VX-1001-KIT
VX3218-PC-MHD,VX3218-PC-MHD
VX-HDB2-KIT,VX-HDB2-KIT
W10 GYRO,W10 GYRO
W2020A,W2020A
W2021A,W2021A
W2022A,W2022A
W2023A,W2023A
W6-500-CM-44,W6-500-CM-44
W6-500M-47,W6-500M-47
W6B-K-M-00,W6B-K-M-00
W6-UNI-K-00,W6-UNI-K-00
WA-7953-02F00,WA-7953-02F00
WB10043-48,WB10043-48
WB10043-48,WB10043-48
FAST-CHRG-PLUG-USB-C-ONLY,WCA004DQWH
WD10EZEX,WD10EZEX
WD19TB,WD19TB
WD20EFAX,WD20EFAX
WDBBCL0000NBK,WDBBCL0000NBK
WDBBKD0030BBK-NESN,WDBBKD0030BBK-NESN
WDBGPU0010BBK-NESN,WDBGPU0010BBK-NESN
WDBWLG0080HBK-NESN,WDBWLG0080HBK-NESN
WDS100T3XHC,WDS100T3XHC
WDS400T1XHM-00CMT0,WDS400T1XHM-00CMT0
WDS500G2B0B,WDS500G2B0B
RICOH-3121,WG-80
WHB006,WHB006
WH-UTA-1,WH-UTA-1
WIB001TTBK,WIB001TTBK
CHARGE-STAND-SAMSUNG-U,WIB002TTBK
CHARGE-STAND-SAMSUNG-U,WIB002TTBK
CHARGE-STAND-SAMSUNG-U,WIB002TTBK
WM2JC,WM2JC
LC-SAM-GAL-S8-INCIP-WALLET-BLK,WM-SA-856-BLK
WPS-2B-P,WPS-2B-P
WPS-2BPlus,WPS-2BPlus
WRT54GS-STOCK,WRT54GS
WS-2620,WS-2620
WS-2620,WS-2620
PTT-CP8800-HNDST,WS-2835
WS-3010,WS-3010
WS-C3560-12PC-S-RF,WS-C3560-12PC-S-RF
WT3130T+WT3111H,WT3130T+WT3111H
WTA-NK610,WTA-NK610
WV4-1002-M-PO4,WV4-1002-M-PO4
X540-T1,X540-T1
X710-T4L,X710-T4L
X710-T4L,X710-T4L
X710-T4L,X710-T4L
X9ERGOKEY,X9ERGOKEY
XBT1-OPQH 540,XBT1-OPQH 540
APPLE-LIGHTNING-USBCABLE-U-3PK,XimyCable-006
XK21-PROTOARC,XK21
XL25A,XL25A
XLC2-OLD,XLC2
XLRA4,XLRA4
XM24-W/POWERSUPPLY,XM24-W/POWERSUPPLY
M2016S,XNT2K50SS35
Y10A101-B1,Y10A101-B1
YM1236,YM1236
YYAZ-HOWFUS30HP,YYAZ-HOWFUS30HP
YYD1-MDRXD200,YYD1-MDRXD200
YYD1-WIFIDETG,YYD1-WIFIDETG
YYK525,YYK525
Z61920,Z61920
Z62920,Z62920
Z7303S01B,Z7303S01B
Z7505TAD01A,Z7505TAD01A
Z7506TAD01A,Z7506TAD01A
Z7506TND02B,Z7506TND02B
ZEB600983,ZEB600983
Zebra ZQ521,Zebra ZQ521
LC-IPAD-2017-9.7-ZUGU-PRODIGY-BLK,ZG-PX-15
ZM2000CLIP,ZM2000CLIP
ZMS10-C,ZMS10-C
ZPS14,ZPS14
ZQ520 KIT-CASE,ZQ520 KIT-CASE
zShades-1080p,zShades-1080p
ZW-Z258,ZW-Z258
DESI6408,
PTTHW510U10-BOEING,
PTTHW510JPLSC-BOEING,
HW251-N-CISCO,
HW261-N-CISCO,
Approver Server/Site License for Blackberry,
"BLACKBERRY CLIENT LICENSE, Approver for Blackberry",
AX102272,
24816995,
A0643207,
9200-06-A,
9200-06-A,
2500MM-BG,
2500MM-BG,
500AM-NOPOWER,
P7000HNDST R STYLE,
P7000HNDST R STYLE,
DESI-8403,
D8AC-87-14,
AX101458,
7960-SD-W,
7960-SD-E,
7940-SD-E,
7940-SD-W,
UPGRADE-W-PHONE,
CP7941-REFURB-U,
ETHERNET-CABLE-50FT-GRAY,
PELTOR-MT1H7F2WS3-BD,
HW251N-26716-01,
VOYAGER 510SL,
SCT-7001-MOD-INV KIT,
SYPD3,
AP9626,
M5112-Ash,
9200-12-B,
9200-12-B,
MIS9K,
AVAYA-PARTNER-18D-W/DISPLAY-BLK,
CISCO SCAN ONLY-DO NOT REDEPLOY,
7960-Scan only,
7961-cleaning,
7941-Cleaning,
7940-scan only,
BROKEN Cisco Phone,
CISCO phone Scan and Clean,
Re-connect speaker wires,
Svc-Plug-Dataport,
WARRANTY-RETURN,
WARRANTY-SVC,
SVC-7841-MOD-NGC,
BUN-PAM-EA-1Y,
Blackberry Approver Server License IMPLEMENTATION,
88861-02-PPR,
2200-32500-025-PPR,
981-000516-PPR,
7510-309-DONGLE-PPR,
87680-01-PPR,
930-65-503-105-PPR,
CL-MYCHARGE-HUBPLUS-KIT,
CL-MYCHARGE-HUBMINI-KIT,
CL-MYCHARGE-HUBPLUS-C-KIT,
2309-820+1216,
EP-N5200TWEGUS-KIT,
81002-Black-MOD,
PTTHW520U10-BOEING,
Legend 50-M & 2-way Base-BOEING,
OSS-PCIe3-4UV-16-2-1M-HIB68-KIT,
PTTHW520JPLSC-BOEING,
SP-FIBER-KIT,
88860-02-PPR,
